--
-- PostgreSQL database dump
--

\restrict qFZbYwgI8bQFMybw9PSwreN9oHYkRm4R9oPKqOoXe7rhRLW0gBAtuTMX0NaVulk

-- Dumped from database version 15.15 (Debian 15.15-1.pgdg13+1)
-- Dumped by pg_dump version 16.11 (Ubuntu 16.11-0ubuntu0.24.04.1)

SET statement_timeout = 0;
SET lock_timeout = 0;
SET idle_in_transaction_session_timeout = 0;
SET client_encoding = 'UTF8';
SET standard_conforming_strings = on;
SELECT pg_catalog.set_config('search_path', '', false);
SET check_function_bodies = false;
SET xmloption = content;
SET client_min_messages = warning;
SET row_security = off;

--
-- Name: hstore; Type: EXTENSION; Schema: -; Owner: -
--

CREATE EXTENSION IF NOT EXISTS hstore WITH SCHEMA public;


--
-- Name: EXTENSION hstore; Type: COMMENT; Schema: -; Owner: 
--

COMMENT ON EXTENSION hstore IS 'data type for storing sets of (key, value) pairs';


SET default_tablespace = '';

SET default_table_access_method = heap;

--
-- Name: AchievementProgresses; Type: TABLE; Schema: public; Owner: yess_user
--

CREATE TABLE public."AchievementProgresses" (
    "Id" integer NOT NULL,
    "UserId" integer NOT NULL,
    "AchievementId" integer NOT NULL,
    "Progress" numeric NOT NULL,
    "UpdatedAt" timestamp with time zone NOT NULL
);


ALTER TABLE public."AchievementProgresses" OWNER TO yess_user;

--
-- Name: AchievementProgresses_Id_seq; Type: SEQUENCE; Schema: public; Owner: yess_user
--

ALTER TABLE public."AchievementProgresses" ALTER COLUMN "Id" ADD GENERATED BY DEFAULT AS IDENTITY (
    SEQUENCE NAME public."AchievementProgresses_Id_seq"
    START WITH 1
    INCREMENT BY 1
    NO MINVALUE
    NO MAXVALUE
    CACHE 1
);


--
-- Name: Achievements; Type: TABLE; Schema: public; Owner: yess_user
--

CREATE TABLE public."Achievements" (
    "Id" integer NOT NULL,
    "Name" character varying(255) NOT NULL,
    "Description" text,
    "CreatedAt" timestamp with time zone NOT NULL
);


ALTER TABLE public."Achievements" OWNER TO yess_user;

--
-- Name: Achievements_Id_seq; Type: SEQUENCE; Schema: public; Owner: yess_user
--

ALTER TABLE public."Achievements" ALTER COLUMN "Id" ADD GENERATED BY DEFAULT AS IDENTITY (
    SEQUENCE NAME public."Achievements_Id_seq"
    START WITH 1
    INCREMENT BY 1
    NO MINVALUE
    NO MAXVALUE
    CACHE 1
);


--
-- Name: AdminUsers; Type: TABLE; Schema: public; Owner: yess_user
--

CREATE TABLE public."AdminUsers" (
    "Id" uuid DEFAULT gen_random_uuid() NOT NULL,
    "Username" character varying(100) NOT NULL,
    "Email" character varying(255) NOT NULL,
    "PasswordHash" text NOT NULL,
    "Role" character varying(50) DEFAULT 'admin'::character varying NOT NULL,
    "IsActive" boolean DEFAULT true NOT NULL,
    "CreatedAt" timestamp with time zone DEFAULT now() NOT NULL,
    "UpdatedAt" timestamp with time zone DEFAULT now() NOT NULL
);


ALTER TABLE public."AdminUsers" OWNER TO yess_user;

--
-- Name: Cities; Type: TABLE; Schema: public; Owner: yess_user
--

CREATE TABLE public."Cities" (
    "Id" integer NOT NULL,
    "Name" character varying(100) NOT NULL,
    "NameKg" character varying(100),
    "NameRu" character varying(100),
    "NameEn" character varying(100),
    "Region" character varying(100),
    "Latitude" numeric(10,8),
    "Longitude" numeric(11,8),
    "Population" integer,
    "IsCapital" boolean NOT NULL
);


ALTER TABLE public."Cities" OWNER TO yess_user;

--
-- Name: Cities_Id_seq; Type: SEQUENCE; Schema: public; Owner: yess_user
--

ALTER TABLE public."Cities" ALTER COLUMN "Id" ADD GENERATED BY DEFAULT AS IDENTITY (
    SEQUENCE NAME public."Cities_Id_seq"
    START WITH 1
    INCREMENT BY 1
    NO MINVALUE
    NO MAXVALUE
    CACHE 1
);


--
-- Name: LevelRewards; Type: TABLE; Schema: public; Owner: yess_user
--

CREATE TABLE public."LevelRewards" (
    "Id" integer NOT NULL,
    "Level" integer NOT NULL,
    "RewardType" text,
    "RewardValue" numeric
);


ALTER TABLE public."LevelRewards" OWNER TO yess_user;

--
-- Name: LevelRewards_Id_seq; Type: SEQUENCE; Schema: public; Owner: yess_user
--

ALTER TABLE public."LevelRewards" ALTER COLUMN "Id" ADD GENERATED BY DEFAULT AS IDENTITY (
    SEQUENCE NAME public."LevelRewards_Id_seq"
    START WITH 1
    INCREMENT BY 1
    NO MINVALUE
    NO MAXVALUE
    CACHE 1
);


--
-- Name: NotificationLogs; Type: TABLE; Schema: public; Owner: yess_user
--

CREATE TABLE public."NotificationLogs" (
    "Id" integer NOT NULL,
    "UserId" integer NOT NULL,
    "Channel" character varying(50) NOT NULL,
    "Recipient" character varying(255),
    "Subject" character varying(255) NOT NULL,
    "Content" text,
    "Status" character varying(50) NOT NULL,
    "ErrorMessage" text,
    "CreatedAt" timestamp with time zone NOT NULL,
    "SentAt" timestamp with time zone
);


ALTER TABLE public."NotificationLogs" OWNER TO yess_user;

--
-- Name: NotificationLogs_Id_seq; Type: SEQUENCE; Schema: public; Owner: yess_user
--

ALTER TABLE public."NotificationLogs" ALTER COLUMN "Id" ADD GENERATED BY DEFAULT AS IDENTITY (
    SEQUENCE NAME public."NotificationLogs_Id_seq"
    START WITH 1
    INCREMENT BY 1
    NO MINVALUE
    NO MAXVALUE
    CACHE 1
);


--
-- Name: NotificationSettings; Type: TABLE; Schema: public; Owner: yess_user
--

CREATE TABLE public."NotificationSettings" (
    "Id" integer NOT NULL,
    "UserId" integer NOT NULL,
    "PushEnabled" boolean NOT NULL,
    "EmailEnabled" boolean NOT NULL,
    "SmsEnabled" boolean NOT NULL
);


ALTER TABLE public."NotificationSettings" OWNER TO yess_user;

--
-- Name: NotificationSettings_Id_seq; Type: SEQUENCE; Schema: public; Owner: yess_user
--

ALTER TABLE public."NotificationSettings" ALTER COLUMN "Id" ADD GENERATED BY DEFAULT AS IDENTITY (
    SEQUENCE NAME public."NotificationSettings_Id_seq"
    START WITH 1
    INCREMENT BY 1
    NO MINVALUE
    NO MAXVALUE
    CACHE 1
);


--
-- Name: NotificationTemplates; Type: TABLE; Schema: public; Owner: yess_user
--

CREATE TABLE public."NotificationTemplates" (
    "Id" integer NOT NULL,
    "Code" character varying(100) NOT NULL,
    "Title" character varying(255) NOT NULL,
    "Body" text
);


ALTER TABLE public."NotificationTemplates" OWNER TO yess_user;

--
-- Name: NotificationTemplates_Id_seq; Type: SEQUENCE; Schema: public; Owner: yess_user
--

ALTER TABLE public."NotificationTemplates" ALTER COLUMN "Id" ADD GENERATED BY DEFAULT AS IDENTITY (
    SEQUENCE NAME public."NotificationTemplates_Id_seq"
    START WITH 1
    INCREMENT BY 1
    NO MINVALUE
    NO MAXVALUE
    CACHE 1
);


--
-- Name: Notifications; Type: TABLE; Schema: public; Owner: yess_user
--

CREATE TABLE public."Notifications" (
    "Id" integer NOT NULL,
    "UserId" integer NOT NULL,
    "Title" character varying(255) NOT NULL,
    "Body" text,
    "Type" character varying(50) NOT NULL,
    "IsRead" boolean NOT NULL,
    "CreatedAt" timestamp with time zone NOT NULL
);


ALTER TABLE public."Notifications" OWNER TO yess_user;

--
-- Name: Notifications_Id_seq; Type: SEQUENCE; Schema: public; Owner: yess_user
--

ALTER TABLE public."Notifications" ALTER COLUMN "Id" ADD GENERATED BY DEFAULT AS IDENTITY (
    SEQUENCE NAME public."Notifications_Id_seq"
    START WITH 1
    INCREMENT BY 1
    NO MINVALUE
    NO MAXVALUE
    CACHE 1
);


--
-- Name: OrderItems; Type: TABLE; Schema: public; Owner: yess_user
--

CREATE TABLE public."OrderItems" (
    "Id" integer NOT NULL,
    "OrderId" integer NOT NULL,
    "ProductId" integer NOT NULL,
    "ProductName" character varying(200) NOT NULL,
    "ProductPrice" numeric(10,2) NOT NULL,
    "Quantity" integer NOT NULL,
    "Subtotal" numeric(10,2) NOT NULL,
    "Notes" text,
    "CreatedAt" timestamp with time zone NOT NULL
);


ALTER TABLE public."OrderItems" OWNER TO yess_user;

--
-- Name: OrderItems_Id_seq; Type: SEQUENCE; Schema: public; Owner: yess_user
--

ALTER TABLE public."OrderItems" ALTER COLUMN "Id" ADD GENERATED BY DEFAULT AS IDENTITY (
    SEQUENCE NAME public."OrderItems_Id_seq"
    START WITH 1
    INCREMENT BY 1
    NO MINVALUE
    NO MAXVALUE
    CACHE 1
);


--
-- Name: PartnerEmployees; Type: TABLE; Schema: public; Owner: yess_user
--

CREATE TABLE public."PartnerEmployees" (
    "Id" integer NOT NULL,
    "PartnerId" integer NOT NULL,
    "UserId" integer NOT NULL,
    "Position" character varying(100),
    "HiredAt" timestamp with time zone NOT NULL
);


ALTER TABLE public."PartnerEmployees" OWNER TO yess_user;

--
-- Name: PartnerEmployees_Id_seq; Type: SEQUENCE; Schema: public; Owner: yess_user
--

ALTER TABLE public."PartnerEmployees" ALTER COLUMN "Id" ADD GENERATED BY DEFAULT AS IDENTITY (
    SEQUENCE NAME public."PartnerEmployees_Id_seq"
    START WITH 1
    INCREMENT BY 1
    NO MINVALUE
    NO MAXVALUE
    CACHE 1
);


--
-- Name: PartnerLocations; Type: TABLE; Schema: public; Owner: yess_user
--

CREATE TABLE public."PartnerLocations" (
    "Id" integer NOT NULL,
    "PartnerId" integer NOT NULL,
    "Address" character varying(500),
    "Latitude" numeric(10,8),
    "Longitude" numeric(11,8),
    "PhoneNumber" character varying(50),
    "WorkingHours" public.hstore,
    "IsActive" boolean NOT NULL,
    "IsMainLocation" boolean NOT NULL,
    "CreatedAt" timestamp with time zone NOT NULL,
    "UpdatedAt" timestamp with time zone NOT NULL
);


ALTER TABLE public."PartnerLocations" OWNER TO yess_user;

--
-- Name: PartnerLocations_Id_seq; Type: SEQUENCE; Schema: public; Owner: yess_user
--

ALTER TABLE public."PartnerLocations" ALTER COLUMN "Id" ADD GENERATED BY DEFAULT AS IDENTITY (
    SEQUENCE NAME public."PartnerLocations_Id_seq"
    START WITH 1
    INCREMENT BY 1
    NO MINVALUE
    NO MAXVALUE
    CACHE 1
);


--
-- Name: PaymentAnalytics; Type: TABLE; Schema: public; Owner: yess_user
--

CREATE TABLE public."PaymentAnalytics" (
    "Id" integer NOT NULL,
    "Date" timestamp with time zone NOT NULL,
    "BankCardCount" integer NOT NULL,
    "BankCardAmount" numeric(10,2) NOT NULL,
    "ElsomCount" integer NOT NULL,
    "ElsomAmount" numeric(10,2) NOT NULL,
    "MobileBalanceCount" integer NOT NULL,
    "MobileBalanceAmount" numeric(10,2) NOT NULL,
    "ElkartCount" integer NOT NULL,
    "ElkartAmount" numeric(10,2) NOT NULL,
    "CashTerminalCount" integer NOT NULL,
    "CashTerminalAmount" numeric(10,2) NOT NULL,
    "BankTransferCount" integer NOT NULL,
    "BankTransferAmount" numeric(10,2) NOT NULL,
    "TotalTransactions" integer NOT NULL,
    "TotalAmount" numeric(10,2) NOT NULL,
    "TotalCommission" numeric(10,2) NOT NULL,
    "SuccessfulTransactions" integer NOT NULL,
    "FailedTransactions" integer NOT NULL,
    "CreatedAt" timestamp with time zone NOT NULL,
    "UpdatedAt" timestamp with time zone NOT NULL
);


ALTER TABLE public."PaymentAnalytics" OWNER TO yess_user;

--
-- Name: PaymentAnalytics_Id_seq; Type: SEQUENCE; Schema: public; Owner: yess_user
--

ALTER TABLE public."PaymentAnalytics" ALTER COLUMN "Id" ADD GENERATED BY DEFAULT AS IDENTITY (
    SEQUENCE NAME public."PaymentAnalytics_Id_seq"
    START WITH 1
    INCREMENT BY 1
    NO MINVALUE
    NO MAXVALUE
    CACHE 1
);


--
-- Name: PaymentMethods; Type: TABLE; Schema: public; Owner: yess_user
--

CREATE TABLE public."PaymentMethods" (
    "Id" integer NOT NULL,
    "Code" character varying(50) NOT NULL,
    "Name" character varying(100) NOT NULL,
    "NameKy" character varying(100),
    "NameEn" character varying(100),
    "CommissionRate" numeric(5,2) NOT NULL,
    "MinCommission" numeric(10,2) NOT NULL,
    "MaxCommission" numeric(10,2),
    "MinAmount" numeric(10,2) NOT NULL,
    "MaxAmount" numeric(10,2) NOT NULL,
    "IsActive" boolean NOT NULL,
    "IsInstant" boolean NOT NULL,
    "ProcessingTimeMinutes" integer NOT NULL,
    "CreatedAt" timestamp with time zone NOT NULL,
    "UpdatedAt" timestamp with time zone NOT NULL
);


ALTER TABLE public."PaymentMethods" OWNER TO yess_user;

--
-- Name: PaymentMethods_Id_seq; Type: SEQUENCE; Schema: public; Owner: yess_user
--

ALTER TABLE public."PaymentMethods" ALTER COLUMN "Id" ADD GENERATED BY DEFAULT AS IDENTITY (
    SEQUENCE NAME public."PaymentMethods_Id_seq"
    START WITH 1
    INCREMENT BY 1
    NO MINVALUE
    NO MAXVALUE
    CACHE 1
);


--
-- Name: PaymentProviderTransactions; Type: TABLE; Schema: public; Owner: yess_user
--

CREATE TABLE public."PaymentProviderTransactions" (
    "Id" integer NOT NULL,
    "Qid" character varying(20) NOT NULL,
    "Provider" character varying(50) NOT NULL,
    "OperationType" character varying(10) NOT NULL,
    "Account" character varying(100),
    "Amount" numeric(10,2),
    "TxnDate" character varying(14),
    "Status" character varying(50) NOT NULL,
    "ErrorCode" character varying(10),
    "ErrorMessage" text,
    "AccountStatus" character varying(20),
    "AccountName" character varying(255),
    "AccountBalance" numeric(10,2),
    "PaymentStatus" character varying(20),
    "PaymentId" character varying(100),
    "InternalTransactionId" integer,
    "RawRequest" text,
    "RawResponse" text,
    "IpAddress" character varying(45),
    "UserAgent" character varying(255),
    "IsDuplicate" boolean NOT NULL,
    "IsProcessed" boolean NOT NULL,
    "CreatedAt" timestamp with time zone NOT NULL,
    "ProcessedAt" timestamp with time zone,
    "UpdatedAt" timestamp with time zone NOT NULL
);


ALTER TABLE public."PaymentProviderTransactions" OWNER TO yess_user;

--
-- Name: PaymentProviderTransactions_Id_seq; Type: SEQUENCE; Schema: public; Owner: yess_user
--

ALTER TABLE public."PaymentProviderTransactions" ALTER COLUMN "Id" ADD GENERATED BY DEFAULT AS IDENTITY (
    SEQUENCE NAME public."PaymentProviderTransactions_Id_seq"
    START WITH 1
    INCREMENT BY 1
    NO MINVALUE
    NO MAXVALUE
    CACHE 1
);


--
-- Name: PromoCodes; Type: TABLE; Schema: public; Owner: yess_user
--

CREATE TABLE public."PromoCodes" (
    "Id" integer NOT NULL,
    "Code" text NOT NULL,
    "PromotionId" integer,
    "PartnerId" integer,
    "ValidUntil" timestamp with time zone,
    "IsActive" boolean NOT NULL,
    "CreatedAt" timestamp with time zone NOT NULL
);


ALTER TABLE public."PromoCodes" OWNER TO yess_user;

--
-- Name: PromoCodes_Id_seq; Type: SEQUENCE; Schema: public; Owner: yess_user
--

ALTER TABLE public."PromoCodes" ALTER COLUMN "Id" ADD GENERATED BY DEFAULT AS IDENTITY (
    SEQUENCE NAME public."PromoCodes_Id_seq"
    START WITH 1
    INCREMENT BY 1
    NO MINVALUE
    NO MAXVALUE
    CACHE 1
);


--
-- Name: PromotionUsages; Type: TABLE; Schema: public; Owner: yess_user
--

CREATE TABLE public."PromotionUsages" (
    "Id" integer NOT NULL,
    "PromotionId" integer NOT NULL,
    "UserId" integer NOT NULL,
    "UsedAt" timestamp with time zone NOT NULL
);


ALTER TABLE public."PromotionUsages" OWNER TO yess_user;

--
-- Name: PromotionUsages_Id_seq; Type: SEQUENCE; Schema: public; Owner: yess_user
--

ALTER TABLE public."PromotionUsages" ALTER COLUMN "Id" ADD GENERATED BY DEFAULT AS IDENTITY (
    SEQUENCE NAME public."PromotionUsages_Id_seq"
    START WITH 1
    INCREMENT BY 1
    NO MINVALUE
    NO MAXVALUE
    CACHE 1
);


--
-- Name: Promotions; Type: TABLE; Schema: public; Owner: yess_user
--

CREATE TABLE public."Promotions" (
    "Id" integer NOT NULL,
    "PartnerId" integer NOT NULL,
    "Title" character varying(255) NOT NULL,
    "Description" text,
    "ValidUntil" timestamp with time zone,
    "IsActive" boolean NOT NULL,
    "CreatedAt" timestamp with time zone NOT NULL,
    "DiscountAmount" numeric,
    "DiscountPercent" numeric,
    "EndDate" timestamp with time zone,
    "MaxDiscountAmount" numeric,
    "MinOrderAmount" numeric,
    "StartDate" timestamp with time zone,
    "UpdatedAt" timestamp with time zone DEFAULT '-infinity'::timestamp with time zone NOT NULL,
    "UsageCount" integer DEFAULT 0 NOT NULL,
    "UsageLimit" integer,
    "UsageLimitPerUser" integer
);


ALTER TABLE public."Promotions" OWNER TO yess_user;

--
-- Name: Promotions_Id_seq; Type: SEQUENCE; Schema: public; Owner: yess_user
--

ALTER TABLE public."Promotions" ALTER COLUMN "Id" ADD GENERATED BY DEFAULT AS IDENTITY (
    SEQUENCE NAME public."Promotions_Id_seq"
    START WITH 1
    INCREMENT BY 1
    NO MINVALUE
    NO MAXVALUE
    CACHE 1
);


--
-- Name: ReconciliationReports; Type: TABLE; Schema: public; Owner: yess_user
--

CREATE TABLE public."ReconciliationReports" (
    "Id" integer NOT NULL,
    "ReportDate" timestamp with time zone NOT NULL,
    "GeneratedAt" timestamp with time zone NOT NULL,
    "EmailAddress" character varying(255),
    "SentAt" timestamp with time zone,
    "Status" character varying(20) NOT NULL,
    "ErrorMessage" text,
    "PaymentCount" integer NOT NULL,
    "TotalAmount" numeric(10,2) NOT NULL,
    "Content" text,
    "CreatedAt" timestamp with time zone NOT NULL,
    "UpdatedAt" timestamp with time zone NOT NULL
);


ALTER TABLE public."ReconciliationReports" OWNER TO yess_user;

--
-- Name: ReconciliationReports_Id_seq; Type: SEQUENCE; Schema: public; Owner: yess_user
--

ALTER TABLE public."ReconciliationReports" ALTER COLUMN "Id" ADD GENERATED BY DEFAULT AS IDENTITY (
    SEQUENCE NAME public."ReconciliationReports_Id_seq"
    START WITH 1
    INCREMENT BY 1
    NO MINVALUE
    NO MAXVALUE
    CACHE 1
);


--
-- Name: Refunds; Type: TABLE; Schema: public; Owner: yess_user
--

CREATE TABLE public."Refunds" (
    "Id" integer NOT NULL,
    "TransactionId" integer NOT NULL,
    "UserId" integer NOT NULL,
    "Amount" numeric(10,2) NOT NULL,
    "Reason" text NOT NULL,
    "Status" character varying(50) NOT NULL,
    "CreatedAt" timestamp with time zone NOT NULL,
    "ProcessedAt" timestamp with time zone,
    "AdminNotes" text,
    "GatewayRefundId" character varying(255)
);


ALTER TABLE public."Refunds" OWNER TO yess_user;

--
-- Name: Refunds_Id_seq; Type: SEQUENCE; Schema: public; Owner: yess_user
--

ALTER TABLE public."Refunds" ALTER COLUMN "Id" ADD GENERATED BY DEFAULT AS IDENTITY (
    SEQUENCE NAME public."Refunds_Id_seq"
    START WITH 1
    INCREMENT BY 1
    NO MINVALUE
    NO MAXVALUE
    CACHE 1
);


--
-- Name: Roles; Type: TABLE; Schema: public; Owner: yess_user
--

CREATE TABLE public."Roles" (
    "Id" integer NOT NULL,
    "Code" character varying(50) NOT NULL,
    "Title" character varying(100),
    "Name" character varying(100) NOT NULL,
    "Description" character varying(255)
);


ALTER TABLE public."Roles" OWNER TO yess_user;

--
-- Name: Roles_Id_seq; Type: SEQUENCE; Schema: public; Owner: yess_user
--

ALTER TABLE public."Roles" ALTER COLUMN "Id" ADD GENERATED BY DEFAULT AS IDENTITY (
    SEQUENCE NAME public."Roles_Id_seq"
    START WITH 1
    INCREMENT BY 1
    NO MINVALUE
    NO MAXVALUE
    CACHE 1
);


--
-- Name: Stories; Type: TABLE; Schema: public; Owner: yess_user
--

CREATE TABLE public."Stories" (
    "Id" integer NOT NULL,
    "PartnerId" integer,
    "Title" character varying(255),
    "ImageUrl" character varying(500),
    "Content" text,
    "ExpiresAt" timestamp with time zone,
    "IsActive" boolean NOT NULL,
    "CreatedAt" timestamp with time zone NOT NULL
);


ALTER TABLE public."Stories" OWNER TO yess_user;

--
-- Name: Stories_Id_seq; Type: SEQUENCE; Schema: public; Owner: yess_user
--

ALTER TABLE public."Stories" ALTER COLUMN "Id" ADD GENERATED BY DEFAULT AS IDENTITY (
    SEQUENCE NAME public."Stories_Id_seq"
    START WITH 1
    INCREMENT BY 1
    NO MINVALUE
    NO MAXVALUE
    CACHE 1
);


--
-- Name: StoryClicks; Type: TABLE; Schema: public; Owner: yess_user
--

CREATE TABLE public."StoryClicks" (
    "Id" integer NOT NULL,
    "StoryId" integer NOT NULL,
    "UserId" integer NOT NULL,
    "ClickedAt" timestamp with time zone NOT NULL
);


ALTER TABLE public."StoryClicks" OWNER TO yess_user;

--
-- Name: StoryClicks_Id_seq; Type: SEQUENCE; Schema: public; Owner: yess_user
--

ALTER TABLE public."StoryClicks" ALTER COLUMN "Id" ADD GENERATED BY DEFAULT AS IDENTITY (
    SEQUENCE NAME public."StoryClicks_Id_seq"
    START WITH 1
    INCREMENT BY 1
    NO MINVALUE
    NO MAXVALUE
    CACHE 1
);


--
-- Name: StoryViews; Type: TABLE; Schema: public; Owner: yess_user
--

CREATE TABLE public."StoryViews" (
    "Id" integer NOT NULL,
    "StoryId" integer NOT NULL,
    "UserId" integer NOT NULL,
    "ViewedAt" timestamp with time zone NOT NULL
);


ALTER TABLE public."StoryViews" OWNER TO yess_user;

--
-- Name: StoryViews_Id_seq; Type: SEQUENCE; Schema: public; Owner: yess_user
--

ALTER TABLE public."StoryViews" ALTER COLUMN "Id" ADD GENERATED BY DEFAULT AS IDENTITY (
    SEQUENCE NAME public."StoryViews_Id_seq"
    START WITH 1
    INCREMENT BY 1
    NO MINVALUE
    NO MAXVALUE
    CACHE 1
);


--
-- Name: UserAchievements; Type: TABLE; Schema: public; Owner: yess_user
--

CREATE TABLE public."UserAchievements" (
    "Id" integer NOT NULL,
    "UserId" integer NOT NULL,
    "AchievementId" integer NOT NULL,
    "UnlockedAt" timestamp with time zone NOT NULL
);


ALTER TABLE public."UserAchievements" OWNER TO yess_user;

--
-- Name: UserAchievements_Id_seq; Type: SEQUENCE; Schema: public; Owner: yess_user
--

ALTER TABLE public."UserAchievements" ALTER COLUMN "Id" ADD GENERATED BY DEFAULT AS IDENTITY (
    SEQUENCE NAME public."UserAchievements_Id_seq"
    START WITH 1
    INCREMENT BY 1
    NO MINVALUE
    NO MAXVALUE
    CACHE 1
);


--
-- Name: UserLevelRewards; Type: TABLE; Schema: public; Owner: yess_user
--

CREATE TABLE public."UserLevelRewards" (
    "Id" integer NOT NULL,
    "UserId" integer NOT NULL,
    "LevelRewardId" integer NOT NULL,
    "ClaimedAt" timestamp with time zone NOT NULL
);


ALTER TABLE public."UserLevelRewards" OWNER TO yess_user;

--
-- Name: UserLevelRewards_Id_seq; Type: SEQUENCE; Schema: public; Owner: yess_user
--

ALTER TABLE public."UserLevelRewards" ALTER COLUMN "Id" ADD GENERATED BY DEFAULT AS IDENTITY (
    SEQUENCE NAME public."UserLevelRewards_Id_seq"
    START WITH 1
    INCREMENT BY 1
    NO MINVALUE
    NO MAXVALUE
    CACHE 1
);


--
-- Name: UserLevels; Type: TABLE; Schema: public; Owner: yess_user
--

CREATE TABLE public."UserLevels" (
    "Id" integer NOT NULL,
    "UserId" integer NOT NULL,
    "Level" integer NOT NULL,
    "Experience" numeric NOT NULL,
    "UpdatedAt" timestamp with time zone NOT NULL
);


ALTER TABLE public."UserLevels" OWNER TO yess_user;

--
-- Name: UserLevels_Id_seq; Type: SEQUENCE; Schema: public; Owner: yess_user
--

ALTER TABLE public."UserLevels" ALTER COLUMN "Id" ADD GENERATED BY DEFAULT AS IDENTITY (
    SEQUENCE NAME public."UserLevels_Id_seq"
    START WITH 1
    INCREMENT BY 1
    NO MINVALUE
    NO MAXVALUE
    CACHE 1
);


--
-- Name: UserPromoCodes; Type: TABLE; Schema: public; Owner: yess_user
--

CREATE TABLE public."UserPromoCodes" (
    "Id" integer NOT NULL,
    "UserId" integer NOT NULL,
    "PromoCodeId" integer NOT NULL,
    "UsedAt" timestamp with time zone NOT NULL
);


ALTER TABLE public."UserPromoCodes" OWNER TO yess_user;

--
-- Name: UserPromoCodes_Id_seq; Type: SEQUENCE; Schema: public; Owner: yess_user
--

ALTER TABLE public."UserPromoCodes" ALTER COLUMN "Id" ADD GENERATED BY DEFAULT AS IDENTITY (
    SEQUENCE NAME public."UserPromoCodes_Id_seq"
    START WITH 1
    INCREMENT BY 1
    NO MINVALUE
    NO MAXVALUE
    CACHE 1
);


--
-- Name: UserRoles; Type: TABLE; Schema: public; Owner: yess_user
--

CREATE TABLE public."UserRoles" (
    "Id" integer NOT NULL,
    "UserId" integer NOT NULL,
    "RoleId" integer NOT NULL
);


ALTER TABLE public."UserRoles" OWNER TO yess_user;

--
-- Name: UserRoles_Id_seq; Type: SEQUENCE; Schema: public; Owner: yess_user
--

ALTER TABLE public."UserRoles" ALTER COLUMN "Id" ADD GENERATED BY DEFAULT AS IDENTITY (
    SEQUENCE NAME public."UserRoles_Id_seq"
    START WITH 1
    INCREMENT BY 1
    NO MINVALUE
    NO MAXVALUE
    CACHE 1
);


--
-- Name: __EFMigrationsHistory; Type: TABLE; Schema: public; Owner: yess_user
--

CREATE TABLE public."__EFMigrationsHistory" (
    "MigrationId" character varying(150) NOT NULL,
    "ProductVersion" character varying(32) NOT NULL
);


ALTER TABLE public."__EFMigrationsHistory" OWNER TO yess_user;

--
-- Name: auth_group; Type: TABLE; Schema: public; Owner: yess_user
--

CREATE TABLE public.auth_group (
    id integer NOT NULL,
    name character varying(150) NOT NULL
);


ALTER TABLE public.auth_group OWNER TO yess_user;

--
-- Name: auth_group_id_seq; Type: SEQUENCE; Schema: public; Owner: yess_user
--

ALTER TABLE public.auth_group ALTER COLUMN id ADD GENERATED BY DEFAULT AS IDENTITY (
    SEQUENCE NAME public.auth_group_id_seq
    START WITH 1
    INCREMENT BY 1
    NO MINVALUE
    NO MAXVALUE
    CACHE 1
);


--
-- Name: auth_group_permissions; Type: TABLE; Schema: public; Owner: yess_user
--

CREATE TABLE public.auth_group_permissions (
    id bigint NOT NULL,
    group_id integer NOT NULL,
    permission_id integer NOT NULL
);


ALTER TABLE public.auth_group_permissions OWNER TO yess_user;

--
-- Name: auth_group_permissions_id_seq; Type: SEQUENCE; Schema: public; Owner: yess_user
--

ALTER TABLE public.auth_group_permissions ALTER COLUMN id ADD GENERATED BY DEFAULT AS IDENTITY (
    SEQUENCE NAME public.auth_group_permissions_id_seq
    START WITH 1
    INCREMENT BY 1
    NO MINVALUE
    NO MAXVALUE
    CACHE 1
);


--
-- Name: auth_permission; Type: TABLE; Schema: public; Owner: yess_user
--

CREATE TABLE public.auth_permission (
    id integer NOT NULL,
    name character varying(255) NOT NULL,
    content_type_id integer NOT NULL,
    codename character varying(100) NOT NULL
);


ALTER TABLE public.auth_permission OWNER TO yess_user;

--
-- Name: auth_permission_id_seq; Type: SEQUENCE; Schema: public; Owner: yess_user
--

ALTER TABLE public.auth_permission ALTER COLUMN id ADD GENERATED BY DEFAULT AS IDENTITY (
    SEQUENCE NAME public.auth_permission_id_seq
    START WITH 1
    INCREMENT BY 1
    NO MINVALUE
    NO MAXVALUE
    CACHE 1
);


--
-- Name: auth_user; Type: TABLE; Schema: public; Owner: yess_user
--

CREATE TABLE public.auth_user (
    id integer NOT NULL,
    password character varying(128) NOT NULL,
    last_login timestamp with time zone,
    is_superuser boolean NOT NULL,
    username character varying(150) NOT NULL,
    first_name character varying(150) NOT NULL,
    last_name character varying(150) NOT NULL,
    email character varying(254) NOT NULL,
    is_staff boolean NOT NULL,
    is_active boolean NOT NULL,
    date_joined timestamp with time zone NOT NULL
);


ALTER TABLE public.auth_user OWNER TO yess_user;

--
-- Name: auth_user_groups; Type: TABLE; Schema: public; Owner: yess_user
--

CREATE TABLE public.auth_user_groups (
    id bigint NOT NULL,
    user_id integer NOT NULL,
    group_id integer NOT NULL
);


ALTER TABLE public.auth_user_groups OWNER TO yess_user;

--
-- Name: auth_user_groups_id_seq; Type: SEQUENCE; Schema: public; Owner: yess_user
--

ALTER TABLE public.auth_user_groups ALTER COLUMN id ADD GENERATED BY DEFAULT AS IDENTITY (
    SEQUENCE NAME public.auth_user_groups_id_seq
    START WITH 1
    INCREMENT BY 1
    NO MINVALUE
    NO MAXVALUE
    CACHE 1
);


--
-- Name: auth_user_id_seq; Type: SEQUENCE; Schema: public; Owner: yess_user
--

ALTER TABLE public.auth_user ALTER COLUMN id ADD GENERATED BY DEFAULT AS IDENTITY (
    SEQUENCE NAME public.auth_user_id_seq
    START WITH 1
    INCREMENT BY 1
    NO MINVALUE
    NO MAXVALUE
    CACHE 1
);


--
-- Name: auth_user_user_permissions; Type: TABLE; Schema: public; Owner: yess_user
--

CREATE TABLE public.auth_user_user_permissions (
    id bigint NOT NULL,
    user_id integer NOT NULL,
    permission_id integer NOT NULL
);


ALTER TABLE public.auth_user_user_permissions OWNER TO yess_user;

--
-- Name: auth_user_user_permissions_id_seq; Type: SEQUENCE; Schema: public; Owner: yess_user
--

ALTER TABLE public.auth_user_user_permissions ALTER COLUMN id ADD GENERATED BY DEFAULT AS IDENTITY (
    SEQUENCE NAME public.auth_user_user_permissions_id_seq
    START WITH 1
    INCREMENT BY 1
    NO MINVALUE
    NO MAXVALUE
    CACHE 1
);


--
-- Name: django_admin_log; Type: TABLE; Schema: public; Owner: yess_user
--

CREATE TABLE public.django_admin_log (
    id integer NOT NULL,
    action_time timestamp with time zone NOT NULL,
    object_id text,
    object_repr character varying(200) NOT NULL,
    action_flag smallint NOT NULL,
    change_message text NOT NULL,
    content_type_id integer,
    user_id integer NOT NULL,
    CONSTRAINT django_admin_log_action_flag_check CHECK ((action_flag >= 0))
);


ALTER TABLE public.django_admin_log OWNER TO yess_user;

--
-- Name: django_admin_log_id_seq; Type: SEQUENCE; Schema: public; Owner: yess_user
--

ALTER TABLE public.django_admin_log ALTER COLUMN id ADD GENERATED BY DEFAULT AS IDENTITY (
    SEQUENCE NAME public.django_admin_log_id_seq
    START WITH 1
    INCREMENT BY 1
    NO MINVALUE
    NO MAXVALUE
    CACHE 1
);


--
-- Name: django_content_type; Type: TABLE; Schema: public; Owner: yess_user
--

CREATE TABLE public.django_content_type (
    id integer NOT NULL,
    app_label character varying(100) NOT NULL,
    model character varying(100) NOT NULL
);


ALTER TABLE public.django_content_type OWNER TO yess_user;

--
-- Name: django_content_type_id_seq; Type: SEQUENCE; Schema: public; Owner: yess_user
--

ALTER TABLE public.django_content_type ALTER COLUMN id ADD GENERATED BY DEFAULT AS IDENTITY (
    SEQUENCE NAME public.django_content_type_id_seq
    START WITH 1
    INCREMENT BY 1
    NO MINVALUE
    NO MAXVALUE
    CACHE 1
);


--
-- Name: django_migrations; Type: TABLE; Schema: public; Owner: yess_user
--

CREATE TABLE public.django_migrations (
    id bigint NOT NULL,
    app character varying(255) NOT NULL,
    name character varying(255) NOT NULL,
    applied timestamp with time zone NOT NULL
);


ALTER TABLE public.django_migrations OWNER TO yess_user;

--
-- Name: django_migrations_id_seq; Type: SEQUENCE; Schema: public; Owner: yess_user
--

ALTER TABLE public.django_migrations ALTER COLUMN id ADD GENERATED BY DEFAULT AS IDENTITY (
    SEQUENCE NAME public.django_migrations_id_seq
    START WITH 1
    INCREMENT BY 1
    NO MINVALUE
    NO MAXVALUE
    CACHE 1
);


--
-- Name: django_session; Type: TABLE; Schema: public; Owner: yess_user
--

CREATE TABLE public.django_session (
    session_key character varying(40) NOT NULL,
    session_data text NOT NULL,
    expire_date timestamp with time zone NOT NULL
);


ALTER TABLE public.django_session OWNER TO yess_user;

--
-- Name: orders; Type: TABLE; Schema: public; Owner: yess_user
--

CREATE TABLE public.orders (
    "Id" integer NOT NULL,
    "UserId" integer NOT NULL,
    "PartnerId" integer NOT NULL,
    "OrderTotal" numeric(10,2) NOT NULL,
    "Discount" numeric(10,2) NOT NULL,
    "CashbackAmount" numeric(10,2) NOT NULL,
    "FinalAmount" numeric(10,2) NOT NULL,
    "Status" integer NOT NULL,
    "DeliveryAddress" character varying(500),
    "DeliveryType" character varying(50) NOT NULL,
    "DeliveryNotes" text,
    "TransactionId" integer,
    "PaymentMethod" character varying(50),
    "PaymentStatus" character varying(50) NOT NULL,
    "IdempotencyKey" character varying(255) NOT NULL,
    "CreatedAt" timestamp with time zone NOT NULL,
    "PaidAt" timestamp with time zone,
    "CompletedAt" timestamp with time zone,
    "CancelledAt" timestamp with time zone,
    CONSTRAINT check_discount_not_exceeds_total CHECK (("Discount" <= "OrderTotal")),
    CONSTRAINT check_positive_cashback CHECK (("CashbackAmount" >= (0)::numeric)),
    CONSTRAINT check_positive_discount CHECK (("Discount" >= (0)::numeric)),
    CONSTRAINT check_positive_final CHECK (("FinalAmount" >= (0)::numeric)),
    CONSTRAINT check_positive_total CHECK (("OrderTotal" >= (0)::numeric))
);


ALTER TABLE public.orders OWNER TO yess_user;

--
-- Name: orders_Id_seq; Type: SEQUENCE; Schema: public; Owner: yess_user
--

ALTER TABLE public.orders ALTER COLUMN "Id" ADD GENERATED BY DEFAULT AS IDENTITY (
    SEQUENCE NAME public."orders_Id_seq"
    START WITH 1
    INCREMENT BY 1
    NO MINVALUE
    NO MAXVALUE
    CACHE 1
);


--
-- Name: partner_products; Type: TABLE; Schema: public; Owner: yess_user
--

CREATE TABLE public.partner_products (
    "Id" integer NOT NULL,
    "PartnerId" integer NOT NULL,
    "Name" character varying(200) NOT NULL,
    "NameKg" character varying(200),
    "NameRu" character varying(200),
    "Description" text,
    "DescriptionKg" text,
    "DescriptionRu" text,
    "Price" numeric(10,2) NOT NULL,
    "Category" character varying(50),
    "ImageUrl" character varying(500),
    "Images" jsonb,
    "IsAvailable" boolean NOT NULL,
    "StockQuantity" integer,
    "Sku" character varying(100),
    "Weight" numeric(8,2),
    "Volume" numeric(8,2),
    "DiscountPercent" numeric(5,2) NOT NULL,
    "OriginalPrice" numeric(10,2),
    "SortOrder" integer NOT NULL,
    "CreatedAt" timestamp with time zone NOT NULL,
    "UpdatedAt" timestamp with time zone NOT NULL
);


ALTER TABLE public.partner_products OWNER TO yess_user;

--
-- Name: partner_products_Id_seq; Type: SEQUENCE; Schema: public; Owner: yess_user
--

ALTER TABLE public.partner_products ALTER COLUMN "Id" ADD GENERATED BY DEFAULT AS IDENTITY (
    SEQUENCE NAME public."partner_products_Id_seq"
    START WITH 1
    INCREMENT BY 1
    NO MINVALUE
    NO MAXVALUE
    CACHE 1
);


--
-- Name: partners; Type: TABLE; Schema: public; Owner: yess_user
--

CREATE TABLE public.partners (
    "Id" integer NOT NULL,
    "Name" character varying(255) NOT NULL,
    "Description" text,
    "Category" character varying(100),
    "CityId" integer,
    "LogoUrl" character varying(500),
    "CoverImageUrl" character varying(500),
    "QrCodeUrl" character varying(500),
    "Phone" character varying(50),
    "Email" character varying(255),
    "Website" character varying(500),
    "SocialMedia" public.hstore,
    "BankAccount" character varying(100),
    "MaxDiscountPercent" numeric(5,2) NOT NULL,
    "CashbackRate" numeric(5,2) NOT NULL,
    "DefaultCashbackRate" numeric(5,2) NOT NULL,
    "OwnerId" integer,
    "IsActive" boolean NOT NULL,
    "IsVerified" boolean NOT NULL,
    "Latitude" double precision,
    "Longitude" double precision,
    "CreatedAt" timestamp with time zone NOT NULL,
    "UpdatedAt" timestamp with time zone NOT NULL,
    "ElqrMerchantId" text,
    "FinikAccountId" uuid,
    CONSTRAINT check_cashback_range CHECK ((("CashbackRate" >= (0)::numeric) AND ("CashbackRate" <= (100)::numeric))),
    CONSTRAINT check_discount_range CHECK ((("MaxDiscountPercent" >= (0)::numeric) AND ("MaxDiscountPercent" <= (100)::numeric)))
);


ALTER TABLE public.partners OWNER TO yess_user;

--
-- Name: partners_Id_seq; Type: SEQUENCE; Schema: public; Owner: yess_user
--

ALTER TABLE public.partners ALTER COLUMN "Id" ADD GENERATED BY DEFAULT AS IDENTITY (
    SEQUENCE NAME public."partners_Id_seq"
    START WITH 1
    INCREMENT BY 1
    NO MINVALUE
    NO MAXVALUE
    CACHE 1
);


--
-- Name: payments_payment; Type: TABLE; Schema: public; Owner: yess_user
--

CREATE TABLE public.payments_payment (
    id bigint NOT NULL,
    payment_id uuid NOT NULL,
    amount integer NOT NULL,
    status character varying(20) NOT NULL,
    created_at timestamp with time zone NOT NULL,
    completed_at timestamp with time zone,
    user_id character varying(255)
);


ALTER TABLE public.payments_payment OWNER TO yess_user;

--
-- Name: payments_payment_id_seq; Type: SEQUENCE; Schema: public; Owner: yess_user
--

ALTER TABLE public.payments_payment ALTER COLUMN id ADD GENERATED BY DEFAULT AS IDENTITY (
    SEQUENCE NAME public.payments_payment_id_seq
    START WITH 1
    INCREMENT BY 1
    NO MINVALUE
    NO MAXVALUE
    CACHE 1
);


--
-- Name: transactions; Type: TABLE; Schema: public; Owner: yess_user
--

CREATE TABLE public.transactions (
    "Id" integer NOT NULL,
    "UserId" integer NOT NULL,
    "PartnerId" integer,
    "Type" character varying(50) NOT NULL,
    "Amount" numeric(10,2) NOT NULL,
    "Commission" numeric(10,2) NOT NULL,
    "PaymentMethod" character varying(50),
    "GatewayTransactionId" character varying(255),
    "ErrorMessage" text,
    "ProcessedAt" timestamp with time zone,
    "BalanceBefore" numeric(10,2),
    "BalanceAfter" numeric(10,2),
    "Status" character varying(50) NOT NULL,
    "PaymentUrl" character varying(500),
    "QrCodeData" text,
    "YescoinUsed" numeric(10,2) NOT NULL,
    "YescoinEarned" numeric(10,2) NOT NULL,
    "Description" text,
    "CreatedAt" timestamp with time zone NOT NULL,
    "CompletedAt" timestamp with time zone,
    CONSTRAINT check_positive_amount CHECK (("Amount" > (0)::numeric))
);


ALTER TABLE public.transactions OWNER TO yess_user;

--
-- Name: transactions_Id_seq; Type: SEQUENCE; Schema: public; Owner: yess_user
--

ALTER TABLE public.transactions ALTER COLUMN "Id" ADD GENERATED BY DEFAULT AS IDENTITY (
    SEQUENCE NAME public."transactions_Id_seq"
    START WITH 1
    INCREMENT BY 1
    NO MINVALUE
    NO MAXVALUE
    CACHE 1
);


--
-- Name: users; Type: TABLE; Schema: public; Owner: yess_user
--

CREATE TABLE public.users (
    "Id" integer NOT NULL,
    "Name" text,
    "FirstName" text,
    "LastName" text,
    "Email" character varying(255) NOT NULL,
    "Phone" character varying(50) NOT NULL,
    "PasswordHash" text,
    "AvatarUrl" character varying(500),
    "Bio" text,
    "Address" character varying(500),
    "PhoneVerified" boolean NOT NULL,
    "EmailVerified" boolean NOT NULL,
    "VerificationCode" character varying(10),
    "VerificationExpiresAt" timestamp with time zone,
    "DeviceTokens" jsonb DEFAULT '[]'::jsonb NOT NULL,
    "PushEnabled" boolean NOT NULL,
    "SmsEnabled" boolean NOT NULL,
    "CityId" integer,
    "Latitude" character varying(50),
    "Longitude" character varying(50),
    "ReferralCode" character varying(50),
    "ReferredBy" integer,
    "IsActive" boolean NOT NULL,
    "IsBlocked" boolean NOT NULL,
    "LastLoginAt" timestamp with time zone,
    "CreatedAt" timestamp with time zone NOT NULL,
    "UpdatedAt" timestamp with time zone NOT NULL
);


ALTER TABLE public.users OWNER TO yess_user;

--
-- Name: users_Id_seq; Type: SEQUENCE; Schema: public; Owner: yess_user
--

ALTER TABLE public.users ALTER COLUMN "Id" ADD GENERATED BY DEFAULT AS IDENTITY (
    SEQUENCE NAME public."users_Id_seq"
    START WITH 1
    INCREMENT BY 1
    NO MINVALUE
    NO MAXVALUE
    CACHE 1
);


--
-- Name: wallets; Type: TABLE; Schema: public; Owner: yess_user
--

CREATE TABLE public.wallets (
    "Id" integer NOT NULL,
    "UserId" integer NOT NULL,
    "Balance" numeric(10,2) NOT NULL,
    "YescoinBalance" numeric(10,2) NOT NULL,
    "TotalEarned" numeric(10,2) NOT NULL,
    "TotalSpent" numeric(10,2) NOT NULL,
    "LastUpdated" timestamp with time zone NOT NULL,
    CONSTRAINT check_positive_balance CHECK (("Balance" >= (0)::numeric)),
    CONSTRAINT check_positive_total_earned CHECK (("TotalEarned" >= (0)::numeric)),
    CONSTRAINT check_positive_total_spent CHECK (("TotalSpent" >= (0)::numeric)),
    CONSTRAINT check_positive_yescoin_balance CHECK (("YescoinBalance" >= (0)::numeric))
);


ALTER TABLE public.wallets OWNER TO yess_user;

--
-- Name: wallets_Id_seq; Type: SEQUENCE; Schema: public; Owner: yess_user
--

ALTER TABLE public.wallets ALTER COLUMN "Id" ADD GENERATED BY DEFAULT AS IDENTITY (
    SEQUENCE NAME public."wallets_Id_seq"
    START WITH 1
    INCREMENT BY 1
    NO MINVALUE
    NO MAXVALUE
    CACHE 1
);


--
-- Data for Name: AchievementProgresses; Type: TABLE DATA; Schema: public; Owner: yess_user
--

COPY public."AchievementProgresses" ("Id", "UserId", "AchievementId", "Progress", "UpdatedAt") FROM stdin;
\.


--
-- Data for Name: Achievements; Type: TABLE DATA; Schema: public; Owner: yess_user
--

COPY public."Achievements" ("Id", "Name", "Description", "CreatedAt") FROM stdin;
\.


--
-- Data for Name: AdminUsers; Type: TABLE DATA; Schema: public; Owner: yess_user
--

COPY public."AdminUsers" ("Id", "Username", "Email", "PasswordHash", "Role", "IsActive", "CreatedAt", "UpdatedAt") FROM stdin;
\.


--
-- Data for Name: Cities; Type: TABLE DATA; Schema: public; Owner: yess_user
--

COPY public."Cities" ("Id", "Name", "NameKg", "NameRu", "NameEn", "Region", "Latitude", "Longitude", "Population", "IsCapital") FROM stdin;
\.


--
-- Data for Name: LevelRewards; Type: TABLE DATA; Schema: public; Owner: yess_user
--

COPY public."LevelRewards" ("Id", "Level", "RewardType", "RewardValue") FROM stdin;
\.


--
-- Data for Name: NotificationLogs; Type: TABLE DATA; Schema: public; Owner: yess_user
--

COPY public."NotificationLogs" ("Id", "UserId", "Channel", "Recipient", "Subject", "Content", "Status", "ErrorMessage", "CreatedAt", "SentAt") FROM stdin;
\.


--
-- Data for Name: NotificationSettings; Type: TABLE DATA; Schema: public; Owner: yess_user
--

COPY public."NotificationSettings" ("Id", "UserId", "PushEnabled", "EmailEnabled", "SmsEnabled") FROM stdin;
\.


--
-- Data for Name: NotificationTemplates; Type: TABLE DATA; Schema: public; Owner: yess_user
--

COPY public."NotificationTemplates" ("Id", "Code", "Title", "Body") FROM stdin;
\.


--
-- Data for Name: Notifications; Type: TABLE DATA; Schema: public; Owner: yess_user
--

COPY public."Notifications" ("Id", "UserId", "Title", "Body", "Type", "IsRead", "CreatedAt") FROM stdin;
\.


--
-- Data for Name: OrderItems; Type: TABLE DATA; Schema: public; Owner: yess_user
--

COPY public."OrderItems" ("Id", "OrderId", "ProductId", "ProductName", "ProductPrice", "Quantity", "Subtotal", "Notes", "CreatedAt") FROM stdin;
\.


--
-- Data for Name: PartnerEmployees; Type: TABLE DATA; Schema: public; Owner: yess_user
--

COPY public."PartnerEmployees" ("Id", "PartnerId", "UserId", "Position", "HiredAt") FROM stdin;
\.


--
-- Data for Name: PartnerLocations; Type: TABLE DATA; Schema: public; Owner: yess_user
--

COPY public."PartnerLocations" ("Id", "PartnerId", "Address", "Latitude", "Longitude", "PhoneNumber", "WorkingHours", "IsActive", "IsMainLocation", "CreatedAt", "UpdatedAt") FROM stdin;
\.


--
-- Data for Name: PaymentAnalytics; Type: TABLE DATA; Schema: public; Owner: yess_user
--

COPY public."PaymentAnalytics" ("Id", "Date", "BankCardCount", "BankCardAmount", "ElsomCount", "ElsomAmount", "MobileBalanceCount", "MobileBalanceAmount", "ElkartCount", "ElkartAmount", "CashTerminalCount", "CashTerminalAmount", "BankTransferCount", "BankTransferAmount", "TotalTransactions", "TotalAmount", "TotalCommission", "SuccessfulTransactions", "FailedTransactions", "CreatedAt", "UpdatedAt") FROM stdin;
\.


--
-- Data for Name: PaymentMethods; Type: TABLE DATA; Schema: public; Owner: yess_user
--

COPY public."PaymentMethods" ("Id", "Code", "Name", "NameKy", "NameEn", "CommissionRate", "MinCommission", "MaxCommission", "MinAmount", "MaxAmount", "IsActive", "IsInstant", "ProcessingTimeMinutes", "CreatedAt", "UpdatedAt") FROM stdin;
\.


--
-- Data for Name: PaymentProviderTransactions; Type: TABLE DATA; Schema: public; Owner: yess_user
--

COPY public."PaymentProviderTransactions" ("Id", "Qid", "Provider", "OperationType", "Account", "Amount", "TxnDate", "Status", "ErrorCode", "ErrorMessage", "AccountStatus", "AccountName", "AccountBalance", "PaymentStatus", "PaymentId", "InternalTransactionId", "RawRequest", "RawResponse", "IpAddress", "UserAgent", "IsDuplicate", "IsProcessed", "CreatedAt", "ProcessedAt", "UpdatedAt") FROM stdin;
\.


--
-- Data for Name: PromoCodes; Type: TABLE DATA; Schema: public; Owner: yess_user
--

COPY public."PromoCodes" ("Id", "Code", "PromotionId", "PartnerId", "ValidUntil", "IsActive", "CreatedAt") FROM stdin;
\.


--
-- Data for Name: PromotionUsages; Type: TABLE DATA; Schema: public; Owner: yess_user
--

COPY public."PromotionUsages" ("Id", "PromotionId", "UserId", "UsedAt") FROM stdin;
\.


--
-- Data for Name: Promotions; Type: TABLE DATA; Schema: public; Owner: yess_user
--

COPY public."Promotions" ("Id", "PartnerId", "Title", "Description", "ValidUntil", "IsActive", "CreatedAt", "DiscountAmount", "DiscountPercent", "EndDate", "MaxDiscountAmount", "MinOrderAmount", "StartDate", "UpdatedAt", "UsageCount", "UsageLimit", "UsageLimitPerUser") FROM stdin;
\.


--
-- Data for Name: ReconciliationReports; Type: TABLE DATA; Schema: public; Owner: yess_user
--

COPY public."ReconciliationReports" ("Id", "ReportDate", "GeneratedAt", "EmailAddress", "SentAt", "Status", "ErrorMessage", "PaymentCount", "TotalAmount", "Content", "CreatedAt", "UpdatedAt") FROM stdin;
\.


--
-- Data for Name: Refunds; Type: TABLE DATA; Schema: public; Owner: yess_user
--

COPY public."Refunds" ("Id", "TransactionId", "UserId", "Amount", "Reason", "Status", "CreatedAt", "ProcessedAt", "AdminNotes", "GatewayRefundId") FROM stdin;
\.


--
-- Data for Name: Roles; Type: TABLE DATA; Schema: public; Owner: yess_user
--

COPY public."Roles" ("Id", "Code", "Title", "Name", "Description") FROM stdin;
\.


--
-- Data for Name: Stories; Type: TABLE DATA; Schema: public; Owner: yess_user
--

COPY public."Stories" ("Id", "PartnerId", "Title", "ImageUrl", "Content", "ExpiresAt", "IsActive", "CreatedAt") FROM stdin;
\.


--
-- Data for Name: StoryClicks; Type: TABLE DATA; Schema: public; Owner: yess_user
--

COPY public."StoryClicks" ("Id", "StoryId", "UserId", "ClickedAt") FROM stdin;
\.


--
-- Data for Name: StoryViews; Type: TABLE DATA; Schema: public; Owner: yess_user
--

COPY public."StoryViews" ("Id", "StoryId", "UserId", "ViewedAt") FROM stdin;
1	-1	12	2025-12-18 16:19:01.301138+00
2	-1	12	2025-12-18 16:19:04.463854+00
3	-1	12	2025-12-18 16:19:04.468468+00
4	-1	12	2025-12-18 16:19:06.86228+00
5	-1	12	2025-12-18 16:19:10.379618+00
6	-1	12	2025-12-18 16:19:10.380281+00
8	-1	12	2025-12-18 16:19:16.877496+00
7	-1	12	2025-12-18 16:19:16.877497+00
9	-1	12	2025-12-18 16:20:41.026029+00
10	-1	12	2025-12-18 16:20:41.026049+00
11	-1	12	2025-12-18 16:20:42.816687+00
12	-1	12	2025-12-18 16:20:51.736994+00
13	-1	12	2025-12-18 16:20:51.85849+00
14	-1	12	2025-12-18 16:20:59.06694+00
15	-1	12	2025-12-18 16:21:02.639+00
16	-1	12	2025-12-18 16:21:02.645444+00
17	-1	12	2025-12-18 16:21:02.996475+00
18	-1	12	2025-12-18 16:21:05.758613+00
19	-1	12	2025-12-18 16:21:05.76518+00
20	-1	12	2025-12-18 16:21:16.928301+00
21	-1	12	2025-12-18 16:21:16.928318+00
22	-1	12	2025-12-18 16:22:17.884645+00
23	-1	12	2025-12-18 16:22:21.184928+00
24	-1	12	2025-12-18 16:22:35.592651+00
25	-1	12	2025-12-18 16:22:43.045596+00
26	-1	12	2025-12-18 16:22:46.638584+00
27	-1	12	2025-12-18 16:22:46.638972+00
28	-1	12	2025-12-18 16:22:47.463994+00
29	-1	12	2025-12-18 16:22:51.548723+00
30	-1	12	2025-12-18 16:22:51.578291+00
31	-1	12	2025-12-18 16:22:51.578531+00
32	-1	12	2025-12-18 16:22:57.771572+00
33	-1	12	2025-12-18 16:22:57.771571+00
34	-2	12	2025-12-18 16:26:23.003949+00
35	-2	12	2025-12-18 16:26:23.873866+00
36	-2	12	2025-12-18 16:26:23.873639+00
37	-2	12	2025-12-18 16:26:25.939535+00
38	-2	12	2025-12-18 16:26:25.947586+00
40	-2	12	2025-12-18 16:26:29.805266+00
39	-2	12	2025-12-18 16:26:29.805251+00
41	-2	12	2025-12-18 16:28:54.68437+00
42	-2	12	2025-12-18 16:28:54.684563+00
43	-2	12	2025-12-18 16:28:55.097525+00
44	-1	12	2025-12-18 16:29:00.230695+00
45	-1	12	2025-12-18 16:29:00.239563+00
46	-2	12	2025-12-18 16:29:32.209412+00
47	-2	12	2025-12-18 16:29:32.20934+00
48	-2	12	2025-12-18 16:29:35.959616+00
49	-2	12	2025-12-18 16:29:40.879312+00
50	-2	12	2025-12-18 16:29:40.894076+00
51	-2	12	2025-12-18 16:29:49.148799+00
52	-2	12	2025-12-18 16:29:53.630706+00
53	-2	12	2025-12-18 16:29:53.630749+00
54	-2	12	2025-12-18 16:30:10.669934+00
55	-2	12	2025-12-18 16:30:10.669955+00
56	-2	12	2025-12-18 16:31:23.69531+00
\.


--
-- Data for Name: UserAchievements; Type: TABLE DATA; Schema: public; Owner: yess_user
--

COPY public."UserAchievements" ("Id", "UserId", "AchievementId", "UnlockedAt") FROM stdin;
\.


--
-- Data for Name: UserLevelRewards; Type: TABLE DATA; Schema: public; Owner: yess_user
--

COPY public."UserLevelRewards" ("Id", "UserId", "LevelRewardId", "ClaimedAt") FROM stdin;
\.


--
-- Data for Name: UserLevels; Type: TABLE DATA; Schema: public; Owner: yess_user
--

COPY public."UserLevels" ("Id", "UserId", "Level", "Experience", "UpdatedAt") FROM stdin;
\.


--
-- Data for Name: UserPromoCodes; Type: TABLE DATA; Schema: public; Owner: yess_user
--

COPY public."UserPromoCodes" ("Id", "UserId", "PromoCodeId", "UsedAt") FROM stdin;
\.


--
-- Data for Name: UserRoles; Type: TABLE DATA; Schema: public; Owner: yess_user
--

COPY public."UserRoles" ("Id", "UserId", "RoleId") FROM stdin;
\.


--
-- Data for Name: __EFMigrationsHistory; Type: TABLE DATA; Schema: public; Owner: yess_user
--

COPY public."__EFMigrationsHistory" ("MigrationId", "ProductVersion") FROM stdin;
20251122144127_InitialCreate	9.0.0
20251126061431_AddReconciliationReport	9.0.0
20251211162537_SyncModel	9.0.0
20251211164530_FixEfRelationships	9.0.0
20251211164821_FinalFixEfRelationships	9.0.0
20251211164942_DebugModelDiff	9.0.0
\.


--
-- Data for Name: auth_group; Type: TABLE DATA; Schema: public; Owner: yess_user
--

COPY public.auth_group (id, name) FROM stdin;
\.


--
-- Data for Name: auth_group_permissions; Type: TABLE DATA; Schema: public; Owner: yess_user
--

COPY public.auth_group_permissions (id, group_id, permission_id) FROM stdin;
\.


--
-- Data for Name: auth_permission; Type: TABLE DATA; Schema: public; Owner: yess_user
--

COPY public.auth_permission (id, name, content_type_id, codename) FROM stdin;
1	Can add log entry	1	add_logentry
2	Can change log entry	1	change_logentry
3	Can delete log entry	1	delete_logentry
4	Can view log entry	1	view_logentry
5	Can add permission	2	add_permission
6	Can change permission	2	change_permission
7	Can delete permission	2	delete_permission
8	Can view permission	2	view_permission
9	Can add group	3	add_group
10	Can change group	3	change_group
11	Can delete group	3	delete_group
12	Can view group	3	view_group
13	Can add user	4	add_user
14	Can change user	4	change_user
15	Can delete user	4	delete_user
16	Can view user	4	view_user
17	Can add content type	5	add_contenttype
18	Can change content type	5	change_contenttype
19	Can delete content type	5	delete_contenttype
20	Can view content type	5	view_contenttype
21	Can add session	6	add_session
22	Can change session	6	change_session
23	Can delete session	6	delete_session
24	Can view session	6	view_session
25	Can add 	7	add_payment
26	Can change 	7	change_payment
27	Can delete 	7	delete_payment
28	Can view 	7	view_payment
\.


--
-- Data for Name: auth_user; Type: TABLE DATA; Schema: public; Owner: yess_user
--

COPY public.auth_user (id, password, last_login, is_superuser, username, first_name, last_name, email, is_staff, is_active, date_joined) FROM stdin;
\.


--
-- Data for Name: auth_user_groups; Type: TABLE DATA; Schema: public; Owner: yess_user
--

COPY public.auth_user_groups (id, user_id, group_id) FROM stdin;
\.


--
-- Data for Name: auth_user_user_permissions; Type: TABLE DATA; Schema: public; Owner: yess_user
--

COPY public.auth_user_user_permissions (id, user_id, permission_id) FROM stdin;
\.


--
-- Data for Name: django_admin_log; Type: TABLE DATA; Schema: public; Owner: yess_user
--

COPY public.django_admin_log (id, action_time, object_id, object_repr, action_flag, change_message, content_type_id, user_id) FROM stdin;
\.


--
-- Data for Name: django_content_type; Type: TABLE DATA; Schema: public; Owner: yess_user
--

COPY public.django_content_type (id, app_label, model) FROM stdin;
1	admin	logentry
2	auth	permission
3	auth	group
4	auth	user
5	contenttypes	contenttype
6	sessions	session
7	payments	payment
\.


--
-- Data for Name: django_migrations; Type: TABLE DATA; Schema: public; Owner: yess_user
--

COPY public.django_migrations (id, app, name, applied) FROM stdin;
1	contenttypes	0001_initial	2025-12-17 15:20:04.391818+00
2	auth	0001_initial	2025-12-17 15:20:04.457349+00
3	admin	0001_initial	2025-12-17 15:20:04.485234+00
4	admin	0002_logentry_remove_auto_add	2025-12-17 15:20:04.501347+00
5	admin	0003_logentry_add_action_flag_choices	2025-12-17 15:20:04.516975+00
6	contenttypes	0002_remove_content_type_name	2025-12-17 15:20:04.545735+00
7	auth	0002_alter_permission_name_max_length	2025-12-17 15:20:04.559177+00
8	auth	0003_alter_user_email_max_length	2025-12-17 15:20:04.572079+00
9	auth	0004_alter_user_username_opts	2025-12-17 15:20:04.584367+00
10	auth	0005_alter_user_last_login_null	2025-12-17 15:20:04.597232+00
11	auth	0006_require_contenttypes_0002	2025-12-17 15:20:04.601922+00
12	auth	0007_alter_validators_add_error_messages	2025-12-17 15:20:04.614492+00
13	auth	0008_alter_user_username_max_length	2025-12-17 15:20:04.632454+00
14	auth	0009_alter_user_last_name_max_length	2025-12-17 15:20:04.645708+00
15	auth	0010_alter_group_name_max_length	2025-12-17 15:20:04.66305+00
16	auth	0011_update_proxy_permissions	2025-12-17 15:20:04.675285+00
17	auth	0012_alter_user_first_name_max_length	2025-12-17 15:20:04.687566+00
19	sessions	0001_initial	2025-12-17 15:20:04.710951+00
21	payments	0001_initial	2025-12-17 15:21:10.653695+00
22	payments	0002_payment_user_id	2025-12-17 15:21:10.658674+00
\.


--
-- Data for Name: django_session; Type: TABLE DATA; Schema: public; Owner: yess_user
--

COPY public.django_session (session_key, session_data, expire_date) FROM stdin;
\.


--
-- Data for Name: orders; Type: TABLE DATA; Schema: public; Owner: yess_user
--

COPY public.orders ("Id", "UserId", "PartnerId", "OrderTotal", "Discount", "CashbackAmount", "FinalAmount", "Status", "DeliveryAddress", "DeliveryType", "DeliveryNotes", "TransactionId", "PaymentMethod", "PaymentStatus", "IdempotencyKey", "CreatedAt", "PaidAt", "CompletedAt", "CancelledAt") FROM stdin;
1	12	5	0.00	0.00	0.00	0.00	0	Timiriazeva	pickup	\N	\N	\N	pending	e27b2fb4ce2739cfc6e762e6b0e6606cbf5c9f7c844aace27324fd2b1d43addd	2025-12-15 14:46:39.316347+00	\N	\N	\N
\.


--
-- Data for Name: partner_products; Type: TABLE DATA; Schema: public; Owner: yess_user
--

COPY public.partner_products ("Id", "PartnerId", "Name", "NameKg", "NameRu", "Description", "DescriptionKg", "DescriptionRu", "Price", "Category", "ImageUrl", "Images", "IsAvailable", "StockQuantity", "Sku", "Weight", "Volume", "DiscountPercent", "OriginalPrice", "SortOrder", "CreatedAt", "UpdatedAt") FROM stdin;
175	10	 15 	\N	\N	 , 15 .	\N	\N	980.00		https://i.postimg.cc/N0X1yvg5/Frame-109.png	[]	t	100	LEG-15	\N	\N	30.00	1399.00	3	2025-12-17 08:25:05.063756+00	2025-12-20 13:06:26.049667+00
325	10	Mix Duo	\N	\N	8 , 4 	\N	\N	770.00		https://i.postimg.cc/qqMhGp12/Frame-111.png	[]	t	50	BOX-MIX-DUO	\N	\N	30.00	1099.00	1	2025-12-20 13:08:53.170721+00	2025-12-20 13:08:53.170721+00
326	10	Mix Party	\N	\N	16 , 6 	\N	\N	1120.00		https://i.postimg.cc/DZhb8rLw/Frame-113.png	[]	t	50	BOX-MIX-PARTY	\N	\N	30.00	1599.00	2	2025-12-20 13:08:53.170721+00	2025-12-20 13:08:53.170721+00
327	10	Mix Family	\N	\N	24 , 8 	\N	\N	1400.00		https://i.postimg.cc/cL67SBBG/Frame-131.png	[]	t	50	BOX-MIX-FAMILY	\N	\N	30.00	1999.00	3	2025-12-20 13:08:53.170721+00	2025-12-20 13:08:53.170721+00
10	4	TV 43UD	\N	\N	LED  43UD,  43 .	\N	\N	11880.00		https://i.postimg.cc/F1wHgnfx/image.png	[]	t	10	43UD	\N	\N	30.00	22572.00	7	2025-12-13 09:28:54.425707+00	2025-12-13 12:47:55.344194+00
153	9	 6 	\N	\N	 , 6 .	\N	\N	234.00		https://i.postimg.cc/Pqhg72pY/Frame-63.png	[]	t	100	WINGS-6	\N	\N	40.00	389.00	2	2025-12-15 15:27:36.467513+00	2025-12-15 15:27:36.467513+00
154	9	 9 	\N	\N	 , 9 .	\N	\N	348.00		https://i.postimg.cc/gJMb88Jb/Frame-64.png	[]	t	100	WINGS-9	\N	\N	40.00	579.00	3	2025-12-15 15:27:36.467513+00	2025-12-15 15:27:36.467513+00
155	9	 12 	\N	\N	 , 12 .	\N	\N	438.00		https://i.postimg.cc/gcN2HL7M/Frame-68.png	[]	t	100	WINGS-12	\N	\N	40.00	729.00	4	2025-12-15 15:27:36.467513+00	2025-12-15 15:27:36.467513+00
7	4	TV 40E9000	\N	\N	LED  40E9000,  40 .	\N	\N	9416.00		https://i.postimg.cc/Fk9Ss2p0/image.jpg	[]	t	10	40E9000	\N	\N	30.00	17890.40	4	2025-12-13 09:28:54.425707+00	2025-12-13 14:18:37.628867+00
297	6	 Blesc 20 	\N	\N	: , , 	\N	\N	4600.00		\N	[]	t	50	MW-BLESC-20L	\N	\N	20.00	5750.00	1	2025-12-20 10:20:25.575651+00	2025-12-20 10:20:25.575651+00
298	6	 Bretman	\N	\N	: , , 	\N	\N	4000.00		\N	[]	t	50	MW-BRETMAN	\N	\N	20.00	5000.00	2	2025-12-20 10:20:25.575651+00	2025-12-20 10:20:25.575651+00
299	6	 Midea 13 	\N	\N	 	\N	\N	4000.00		\N	[]	t	40	HEAT-MIDEA-FAN	\N	\N	20.00	5000.00	3	2025-12-20 10:20:25.575651+00	2025-12-20 10:20:25.575651+00
340	11	  	\N	\N	   	\N	\N	224.00		\N	[]	t	40	SOUP-CHICKEN	\N	\N	20.00	280.00	1	2025-12-21 06:42:17.470236+00	2025-12-21 06:42:17.470236+00
341	11	 -	\N	\N	   	\N	\N	184.00		\N	[]	t	40	SOUP-MUSHROOM	\N	\N	20.00	230.00	2	2025-12-21 06:42:17.470236+00	2025-12-21 06:42:17.470236+00
342	11		\N	\N	, , , 	\N	\N	176.00		\N	[]	t	40	SOUP-RAMEN	\N	\N	20.00	220.00	3	2025-12-21 06:42:17.470236+00	2025-12-21 06:42:17.470236+00
343	11	 -	\N	\N	   	\N	\N	184.00		\N	[]	t	40	SOUP-LENTIL	\N	\N	20.00	230.00	4	2025-12-21 06:42:17.470236+00	2025-12-21 06:42:17.470236+00
344	11		\N	\N	 	\N	\N	40.00		\N	[]	t	40	SOUP-BREAD	\N	\N	20.00	50.00	5	2025-12-21 06:42:17.470236+00	2025-12-21 06:42:17.470236+00
345	11	  	\N	\N	 , , 	\N	\N	256.00		\N	[]	t	40	BURGER-CHICKEN	\N	\N	20.00	320.00	1	2025-12-21 06:42:31.010172+00	2025-12-21 06:42:31.010172+00
346	11	  	\N	\N	 , , 	\N	\N	216.00		\N	[]	t	40	SANDWICH-CHICKEN	\N	\N	20.00	270.00	2	2025-12-21 06:42:31.010172+00	2025-12-21 06:42:31.010172+00
347	11	  	\N	\N	 	\N	\N	280.00		\N	[]	t	40	BURGER-BEEF	\N	\N	20.00	350.00	3	2025-12-21 06:42:31.010172+00	2025-12-21 06:42:31.010172+00
348	11	 	\N	\N	  	\N	\N	216.00		\N	[]	t	40	ROLL-STAR	\N	\N	20.00	270.00	4	2025-12-21 06:42:31.010172+00	2025-12-21 06:42:31.010172+00
349	11	 	\N	\N	, 	\N	\N	368.00		\N	[]	t	40	PIZZA-PEPPERONI	\N	\N	20.00	460.00	1	2025-12-21 06:42:44.850144+00	2025-12-21 06:42:44.850144+00
350	11	 	\N	\N	, 	\N	\N	280.00		\N	[]	t	40	PIZZA-MARGHERITA	\N	\N	20.00	350.00	2	2025-12-21 06:42:44.850144+00	2025-12-21 06:42:44.850144+00
328	11	  	\N	\N	   12 +  - 33	\N	\N	1240.00		https://i.postimg.cc/PrWmcnN1/image.png	[]	t	50	COMBO-2	\N	\N	20.00	1550.00	1	2025-12-21 06:40:45.401159+00	2025-12-21 06:40:45.401159+00
329	11	 	\N	\N	  33 +   30	\N	\N	1320.00		https://i.postimg.cc/vZ83tZX3/image.png	[]	t	50	COMBO-LIGHT	\N	\N	20.00	1650.00	2	2025-12-21 06:40:45.401159+00	2025-12-21 06:40:45.401159+00
104	8	  	\N	\N	 2.6, 4  , ,   34 .   : , , , .	\N	\N	3500.00		https://i.postimg.cc/8k9B77rP/Izobrazenie-Whats-App-2025-12-12-v-15-26-15-d895ac57.jpg	[]	t	1	BEAR_SHOW	\N	\N	20.00	4400.00	1	2025-12-13 15:03:50.750504+00	2025-12-13 15:03:50.750504+00
219	5	  Skyworth D15S	\N	\N	6060, , 14 , 2 	\N	\N	275.00	 	\N	[]	t	5	SKY-D15S	\N	\N	0.00	275.00	23	2025-12-18 18:02:42.055562+00	2025-12-18 18:02:42.055562+00
330	11	 -	\N	\N	 	\N	\N	112.00		https://i.postimg.cc/9XtdgjDf/image.png	[]	t	50	SNACK-POTATO	\N	\N	20.00	140.00	1	2025-12-21 06:41:45.050132+00	2025-12-21 06:41:45.050132+00
336	11	 	\N	\N	 	\N	\N	120.00		https://i.postimg.cc/KYxFNLwC/image.png	[]	t	40	SALAD-FRESH	\N	\N	20.00	150.00	1	2025-12-21 06:42:04.130121+00	2025-12-21 06:42:04.130121+00
331	11	  	\N	\N	, ,  	\N	\N	256.00		https://i.postimg.cc/g2r30XNv/image.png	[]	t	50	SNACK-CHICKEN	\N	\N	20.00	320.00	2	2025-12-21 06:41:45.050132+00	2025-12-21 06:41:45.050132+00
332	11	 	\N	\N	  	\N	\N	288.00		https://i.postimg.cc/XqVC6prX/image.png	[]	t	50	SNACK-SHRIMP	\N	\N	20.00	360.00	3	2025-12-21 06:41:45.050132+00	2025-12-21 06:41:45.050132+00
333	11		\N	\N	 	\N	\N	96.00		https://i.postimg.cc/HskyS8GZ/image.png	[]	t	50	SNACK-FRIES	\N	\N	20.00	120.00	4	2025-12-21 06:41:45.050132+00	2025-12-21 06:41:45.050132+00
334	11	 	\N	\N	  	\N	\N	144.00		https://i.postimg.cc/SKC2XW8n/image.png	[]	t	50	SNACK-CHUKA	\N	\N	20.00	180.00	5	2025-12-21 06:41:45.050132+00	2025-12-21 06:41:45.050132+00
335	11		\N	\N	 	\N	\N	200.00		https://i.postimg.cc/G2j4KdXr/image.png	[]	t	50	SNACK-NUGGETS	\N	\N	20.00	250.00	6	2025-12-21 06:41:45.050132+00	2025-12-21 06:41:45.050132+00
337	11	  	\N	\N	   	\N	\N	256.00		https://i.postimg.cc/wMydvkRB/image.png	[]	t	40	SALAD-CAESAR-SHRIMP	\N	\N	20.00	320.00	2	2025-12-21 06:42:04.130121+00	2025-12-21 06:42:04.130121+00
338	11	  	\N	\N	   	\N	\N	232.00		https://i.postimg.cc/KzWddgpS/image.png	[]	t	40	SALAD-CAESAR-CHICKEN	\N	\N	20.00	290.00	3	2025-12-21 06:42:04.130121+00	2025-12-21 06:42:04.130121+00
339	11	 	\N	\N	, , 	\N	\N	232.00		https://i.postimg.cc/J7Dnt3Lk/image.png	[]	t	40	SALAD-GREEK	\N	\N	20.00	290.00	4	2025-12-21 06:42:04.130121+00	2025-12-21 06:42:04.130121+00
165	9	Coca-Cola	\N	\N	 Coca-Cola.	\N	\N	120.00		https://i.postimg.cc/k5NmXDtC/Frame-76.png	[]	t	200	DRINK-COLA	\N	\N	0.00	120.00	1	2025-12-15 15:28:45.091295+00	2025-12-15 15:28:45.091295+00
166	9	Fanta	\N	\N	 Fanta.	\N	\N	120.00		https://i.postimg.cc/66MBv7b4/Frame-80.png	[]	t	200	DRINK-FANTA	\N	\N	0.00	120.00	2	2025-12-15 15:28:45.091295+00	2025-12-15 15:28:45.091295+00
181	10	Coca-Cola	\N	\N	 Coca-Cola 1.	\N	\N	120.00		https://i.postimg.cc/Wbzn88Z4/Frame-102.png	[]	t	200	DRINK-COLA	\N	\N	0.00	120.00	1	2025-12-17 08:27:45.263835+00	2025-12-17 08:27:45.263835+00
182	10	Fanta	\N	\N	 Fanta 1.	\N	\N	120.00		https://i.postimg.cc/L6QyFwS2/Frame-103.png	[]	t	200	DRINK-FANTA	\N	\N	0.00	120.00	2	2025-12-17 08:27:45.263835+00	2025-12-17 08:27:45.263835+00
163	9		\N	\N	 .	\N	\N	50.00		https://i.postimg.cc/nV0wVnj8/Frame-74.png	[]	t	200	SAUCE-KETCHUP	\N	\N	0.00	50.00	4	2025-12-15 15:28:22.693364+00	2025-12-15 15:28:22.693364+00
229	5	 AVEST 3060B	\N	\N	60 , , ,  	\N	\N	65.00		\N	[]	t	10	AVEST-3060B	\N	\N	0.00	65.00	18	2025-12-18 18:03:08.755521+00	2025-12-18 18:03:08.755521+00
230	5	 AVEST 13A	\N	\N	90 , , , , 1700 /	\N	\N	150.00		\N	[]	t	10	AVEST-13A	\N	\N	0.00	150.00	19	2025-12-18 18:03:08.755521+00	2025-12-18 18:03:08.755521+00
231	5	  AV7009B00	\N	\N	70 , ,  + , 	\N	\N	190.00		\N	[]	t	5	AV7009B00	\N	\N	0.00	190.00	9	2025-12-18 18:03:58.157566+00	2025-12-18 18:03:58.157566+00
232	5	  AV7009S	\N	\N	70 , ,  + , 	\N	\N	195.00		\N	[]	t	5	AV7009S	\N	\N	0.00	195.00	10	2025-12-18 18:03:58.157566+00	2025-12-18 18:03:58.157566+00
233	5	  AV80ERCD22	\N	\N	80 , ,  + , 	\N	\N	265.00		\N	[]	t	5	AV80ERCD22	\N	\N	0.00	265.00	11	2025-12-18 18:03:58.157566+00	2025-12-18 18:03:58.157566+00
234	5	  AVEST CC11B	\N	\N	58,551 , ,  , 4 	\N	\N	100.00	 	\N	[]	t	10	AVEST-CC11B	\N	\N	0.00	100.00	1	2025-12-18 18:04:07.65867+00	2025-12-18 18:04:07.65867+00
235	5	  AVEST CC6I	\N	\N	5850 , , , 4 	\N	\N	95.00	 	\N	[]	t	10	AVEST-CC6I	\N	\N	0.00	95.00	2	2025-12-18 18:04:07.65867+00	2025-12-18 18:04:07.65867+00
236	5	  AVEST ACB	\N	\N	58,551 , ,  , 3 	\N	\N	93.00	 	\N	[]	t	10	AVEST-ACB	\N	\N	0.00	93.00	3	2025-12-18 18:04:07.65867+00	2025-12-18 18:04:07.65867+00
237	5	  AVEST AC20B	\N	\N	58,551 , ,  , 1  + 3 	\N	\N	125.00	 	\N	[]	t	10	AVEST-AC20B	\N	\N	0.00	125.00	4	2025-12-18 18:04:07.65867+00	2025-12-18 18:04:07.65867+00
159	9	 9 	\N	\N	 , 9 .	\N	\N	1400.00		https://i.postimg.cc/hPx17MJg/Frame-53.png	[]	t	100	LEG-9	\N	\N	0.00	1400.00	4	2025-12-15 15:28:01.154472+00	2025-12-15 15:28:01.154472+00
83	5	Konka 40YR530W	\N	\N	LED  Konka 40YR530W,  40 .	\N	\N	12320.00		https://i.postimg.cc/m1ZZh0hQ/image.jpg	[]	t	10	40YR530W	\N	\N	30.00	23408.00	2	2025-12-13 14:14:59.613933+00	2025-12-13 14:14:59.613933+00
82	5	Konka 32YR680W	\N	\N	LED  Konka 32YR680W,  32 .	\N	\N	9944.00		https://i.postimg.cc/KcDwcDtq/Frame-147.png	[]	t	10	32YR680W	\N	\N	30.00	18893.60	1	2025-12-13 14:14:59.613933+00	2025-12-13 14:25:53.940978+00
173	10	 5 	\N	\N	 , 5 .	\N	\N	385.00		https://i.postimg.cc/VkQsYxHh/Frame-107.png	[]	t	100	LEG-5	\N	\N	30.00	549.00	1	2025-12-17 08:25:05.063756+00	2025-12-20 13:06:39.940644+00
164	9		\N	\N	 .	\N	\N	50.00		https://i.postimg.cc/kXYZs7qN/Frame-78.png	[]	t	200	SAUCE-MAYO	\N	\N	0.00	50.00	5	2025-12-15 15:28:22.693364+00	2025-12-15 15:28:22.693364+00
162	9	 BBQ	\N	\N	 BBQ.	\N	\N	50.00		https://i.postimg.cc/sDfdKnWK/Frame-79.png	[]	t	200	SAUCE-BBQ	\N	\N	0.00	50.00	3	2025-12-15 15:28:22.693364+00	2025-12-15 15:28:22.693364+00
183	10	Sprite	\N	\N	 Sprite 1.	\N	\N	120.00		https://i.postimg.cc/Wz4jHCmR/Frame-104.png	[]	t	200	DRINK-SPRITE	\N	\N	0.00	120.00	3	2025-12-17 08:27:45.263835+00	2025-12-17 08:27:45.263835+00
161	9	 	\N	\N	 .	\N	\N	50.00		https://i.postimg.cc/5ySJyTC7/Frame-82.png	[]	t	200	SAUCE-CHEESE	\N	\N	0.00	50.00	2	2025-12-15 15:28:22.693364+00	2025-12-15 15:28:22.693364+00
179	10		\N	\N	 .	\N	\N	50.00		https://i.postimg.cc/DzbSCJvY/Frame-98.png	[]	t	200	SAUCE-KETCHUP	\N	\N	0.00	50.00	4	2025-12-17 08:26:03.245074+00	2025-12-17 08:26:03.245074+00
85	5	Konka 43VR700W	\N	\N	LED  Konka 43VR700W,  43 .	\N	\N	18040.00		https://i.postimg.cc/ZBpvrtTG/image.jpg	[]	t	10	43VR700W	\N	\N	30.00	34276.00	4	2025-12-13 14:14:59.613933+00	2025-12-13 14:14:59.613933+00
87	5	Konka 50LR730W	\N	\N	LED  Konka 50LR730W,  50 .	\N	\N	23760.00		https://i.postimg.cc/ZCVyK8Yj/image.jpg	[]	t	10	50LR730W	\N	\N	30.00	45144.00	6	2025-12-13 14:14:59.613933+00	2025-12-13 14:14:59.613933+00
89	5	Konka 55LR730W	\N	\N	LED  Konka 55LR730W,  55 .	\N	\N	27720.00		https://i.postimg.cc/qzPHKY7B/image.jpg	[]	t	10	55LR730W	\N	\N	30.00	52668.00	8	2025-12-13 14:14:59.613933+00	2025-12-13 14:14:59.613933+00
90	5	Konka 65VR700W	\N	\N	LED  Konka 65VR700W,  65 .	\N	\N	35640.00		https://i.postimg.cc/qzPHKY7B/image.jpg	[]	t	10	65VR700W	\N	\N	30.00	67716.00	9	2025-12-13 14:14:59.613933+00	2025-12-13 14:14:59.613933+00
91	5	Konka 65LR730W	\N	\N	LED  Konka 65LR730W,  65 .	\N	\N	44000.00		https://i.postimg.cc/hXWNvdCc/image.jpg	[]	t	10	65LR730W	\N	\N	30.00	83600.00	10	2025-12-13 14:14:59.613933+00	2025-12-13 14:14:59.613933+00
93	5	Konka 86VR720W	\N	\N	LED  Konka 86VR720W,  86 .	\N	\N	75680.00		https://i.postimg.cc/hhQCmGQf/image.jpg	[]	t	10	86VR720W	\N	\N	30.00	143792.00	12	2025-12-13 14:14:59.613933+00	2025-12-13 14:14:59.613933+00
9	4	TV 43G11	\N	\N	LED  43G11,  43 .	\N	\N	11440.00		https://i.postimg.cc/QVzHYdzP/image.png	[]	t	10	43G11	\N	\N	30.00	21736.00	6	2025-12-13 09:28:54.425707+00	2025-12-13 12:44:58.363277+00
11	4	TV 50UD	\N	\N	LED  50UD,  50 .	\N	\N	18040.00		https://i.postimg.cc/9RrcyGcz/image.png	[]	t	10	50UD	\N	\N	30.00	34276.00	8	2025-12-13 09:28:54.425707+00	2025-12-13 12:48:27.114037+00
16	4	TV 65G11	\N	\N	LED  65G11,  65 .	\N	\N	30800.00		https://i.postimg.cc/phpnyh7n/image.png	[]	t	10	65G11	\N	\N	30.00	58520.00	13	2025-12-13 09:28:54.425707+00	2025-12-13 13:04:36.075352+00
13	4	TV 55UD	\N	\N	LED  55UD,  55 .	\N	\N	22000.00		https://i.postimg.cc/xJbW0g0L/image.png	[]	t	10	55UD	\N	\N	30.00	41800.00	10	2025-12-13 09:28:54.425707+00	2025-12-13 12:50:02.744989+00
15	4	TV 65UD	\N	\N	LED  65UD,  65 .	\N	\N	29920.00		https://i.postimg.cc/dkBSQfbc/image.png	[]	t	10	65UD	\N	\N	30.00	56848.00	12	2025-12-13 09:28:54.425707+00	2025-12-13 12:50:47.634334+00
19	4	TV 75UD	\N	\N	LED  75UD,  75 .	\N	\N	48400.00		https://i.postimg.cc/DSnJLYHK/image.png	[]	t	10	75UD	\N	\N	30.00	91960.00	16	2025-12-13 09:28:54.425707+00	2025-12-13 12:53:31.341009+00
216	5	  Skyworth D13S	\N	\N	6060, , 13 , 2 	\N	\N	235.00	 	\N	[]	t	5	SKY-D13S	\N	\N	0.00	235.00	20	2025-12-18 18:02:42.055562+00	2025-12-18 18:02:42.055562+00
12	4	TV 50Q90	\N	\N	LED  50Q90,  50 .	\N	\N	18920.00		https://i.postimg.cc/3dgYjrQB/image.png	[]	t	10	50Q90	\N	\N	30.00	35948.00	9	2025-12-13 09:28:54.425707+00	2025-12-13 12:59:59.598237+00
17	4	TV 65Q90	\N	\N	LED  65Q90,  65 .	\N	\N	32560.00		https://i.postimg.cc/VS9K4TL2/image.png	[]	t	10	65Q90	\N	\N	30.00	61864.00	14	2025-12-13 09:28:54.425707+00	2025-12-13 13:01:52.184146+00
18	4	TV 75Q90	\N	\N	LED  75Q90,  75 .	\N	\N	48400.00		https://i.postimg.cc/QHBSvVds/image.png	[]	t	10	75Q90	\N	\N	30.00	91960.00	15	2025-12-13 09:28:54.425707+00	2025-12-13 13:03:49.654226+00
20	4	TV 85QM91	\N	\N	LED  85QM91,  85 .	\N	\N	78320.00		https://i.postimg.cc/hzyb5qFy/image.png	[]	t	10	85QM91	\N	\N	30.00	148808.00	17	2025-12-13 09:28:54.425707+00	2025-12-13 13:04:03.743916+00
6	4	TV 32UD	\N	\N	LED  32UD,  32 .	\N	\N	8096.00		https://i.postimg.cc/XBBF1GkJ/image.png	[]	t	10	32UD	\N	\N	30.00	15382.40	3	2025-12-13 09:28:54.425707+00	2025-12-13 13:04:22.755097+00
8	4	TV 43E9000	\N	\N	LED  43E9000,  43 .	\N	\N	10560.00		https://i.postimg.cc/KvCmBzp1/Izobrazenie-Whats-App-2025-12-07-v-22-02-05-3e7a7651.jpg	[]	t	10	43E9000	\N	\N	30.00	20064.00	5	2025-12-13 09:28:54.425707+00	2025-12-13 14:20:03.479146+00
14	4	TV 55Q90	\N	\N	LED  55Q90,  55 .	\N	\N	22880.00		https://i.postimg.cc/x1ggBJr9/Izobrazenie-Whats-App-2025-12-07-v-22-02-04-40d7c6ed.jpg	[]	t	10	55Q90	\N	\N	30.00	43472.00	11	2025-12-13 09:28:54.425707+00	2025-12-13 14:20:14.847871+00
92	5	Konka 75HK710W	\N	\N	LED  Konka 75HK710W,  75 .	\N	\N	51040.00		https://i.postimg.cc/FHgWxjxM/100.png	[]	t	10	75HK710W	\N	\N	30.00	96976.00	11	2025-12-13 14:14:59.613933+00	2025-12-13 14:14:59.613933+00
86	5	Konka 50HK704W	\N	\N	LED  Konka 50HK704W,  50 .	\N	\N	20680.00		https://i.postimg.cc/Fk9Ss2p0/image.jpg	[]	t	10	50HK704W	\N	\N	30.00	39292.00	5	2025-12-13 14:14:59.613933+00	2025-12-13 14:30:01.199917+00
4	4	TV 32E9000	\N	\N	LED  32E9000,  32 .	\N	\N	6512.00		https://i.postimg.cc/rFFwB5MN/Izobrazenie-Whats-App-2025-12-07-v-22-02-04-6528523c.jpg	[]	t	10	32E9000	\N	\N	30.00	12372.80	1	2025-12-13 09:28:54.425707+00	2025-12-13 09:28:54.425707+00
84	5	Konka 43YR684W	\N	\N	LED  Konka 43YR684W,  43 .	\N	\N	13640.00		https://i.postimg.cc/q7HxC9T8/Frame-147.png	[]	t	10	43YR684W	\N	\N	30.00	25916.00	3	2025-12-13 14:14:59.613933+00	2025-12-13 14:14:59.613933+00
94	5	Konka KT65-Q809GB	\N	\N	LED  Konka KT65-Q809GB,  65 .	\N	\N	61160.00		https://i.postimg.cc/g2TWKHJR/100.png	[]	t	10	KT65-Q809GB	\N	\N	30.00	116204.00	13	2025-12-13 14:14:59.613933+00	2025-12-13 14:14:59.613933+00
95	5	Konka KT75-Q809GB	\N	\N	LED  Konka KT75-Q809GB,  75 .	\N	\N	76560.00		https://i.postimg.cc/h46TNH5w/100.png	[]	t	10	KT75-Q809GB	\N	\N	30.00	145464.00	14	2025-12-13 14:14:59.613933+00	2025-12-13 14:14:59.613933+00
5	4	TV 32G11	\N	\N	LED  32G11,  32 .	\N	\N	7480.00		https://i.postimg.cc/W3kVfFKd/Frame-146.png	[]	t	10	32G11	\N	\N	30.00	14212.00	2	2025-12-13 09:28:54.425707+00	2025-12-13 12:58:40.104043+00
169	10	 20 	\N	\N	 , 20 .	\N	\N	700.00		https://i.postimg.cc/XqvMN8wj/Frame-95.png	[]	t	100	WINGS-20	\N	\N	30.00	999.00	2	2025-12-17 08:23:32.227695+00	2025-12-17 08:23:32.227695+00
88	5	Konka 55VR700W	\N	\N	LED  Konka 55VR700W,  55 .	\N	\N	25960.00		https://i.postimg.cc/TwWntx6p/100.png	[]	t	10	55VR700W	\N	\N	30.00	49324.00	7	2025-12-13 14:14:59.613933+00	2025-12-13 14:14:59.613933+00
217	5	  Skyworth D14S	\N	\N	6060, , 14 , 2 	\N	\N	250.00	 	\N	[]	t	5	SKY-D14S	\N	\N	0.00	250.00	21	2025-12-18 18:02:42.055562+00	2025-12-18 18:02:42.055562+00
218	5	  Skyworth D15W	\N	\N	6060, , 13 , 2 	\N	\N	265.00	 	\N	[]	t	5	SKY-D15W	\N	\N	0.00	265.00	22	2025-12-18 18:02:42.055562+00	2025-12-18 18:02:42.055562+00
300	6	 Midea 13 	\N	\N	 	\N	\N	3800.00		\N	[]	t	40	HEAT-MIDEA	\N	\N	20.00	4750.00	4	2025-12-20 10:20:25.575651+00	2025-12-20 10:20:25.575651+00
301	6	 Midea	\N	\N		\N	\N	2900.00		\N	[]	t	40	HEAT-MIDEA-CONV	\N	\N	20.00	3625.00	5	2025-12-20 10:20:25.575651+00	2025-12-20 10:20:25.575651+00
302	6	 Sanelihi	\N	\N	 	\N	\N	1800.00		\N	[]	t	60	BL-SANELIHI	\N	\N	20.00	2250.00	6	2025-12-20 10:20:25.575651+00	2025-12-20 10:20:25.575651+00
303	6	 Bretmon	\N	\N	: 	\N	\N	4500.00		\N	[]	t	30	VC-BRETMON	\N	\N	20.00	5625.00	7	2025-12-20 10:20:25.575651+00	2025-12-20 10:20:25.575651+00
304	6	 Cincline	\N	\N	: 	\N	\N	5500.00		\N	[]	t	30	VC-CINCLINE-CUP	\N	\N	20.00	6875.00	8	2025-12-20 10:20:25.575651+00	2025-12-20 10:20:25.575651+00
305	6	 Cincline	\N	\N	: ,  	\N	\N	5000.00		\N	[]	t	30	VC-CINCLINE-BAG	\N	\N	20.00	6250.00	9	2025-12-20 10:20:25.575651+00	2025-12-20 10:20:25.575651+00
306	6	 	\N	\N	   	\N	\N	5500.00		\N	[]	t	25	JUICE-TECH	\N	\N	20.00	6875.00	10	2025-12-20 10:20:25.575651+00	2025-12-20 10:20:25.575651+00
98	3	   50 	\N	\N	  5075 .\r\n  :\r\n   Callebaut \r\n   (   )\r\n  \r\n   \r\n , \r\n  2 \r\n   (46 )\r\n\r\n :\r\n   (2 )\r\n   	\N	\N	12000.00	 	\N	[]	t	1	CHOKO-50	\N	\N	25.00	15000.00	1	2025-12-13 14:49:03.005898+00	2025-12-13 14:49:03.005898+00
99	3	   75 	\N	\N	  75100 .\r\n  :\r\n   Callebaut \r\n   (   )\r\n  \r\n   \r\n , \r\n  2 \r\n   (46 )\r\n\r\n :\r\n   (2 )\r\n   	\N	\N	14000.00	 	\N	[]	t	1	CHOKO-75	\N	\N	25.00	17500.00	2	2025-12-13 14:53:40.983759+00	2025-12-13 14:53:40.983759+00
221	5	  AVEST 15 	\N	\N	6060, , 3 , 	\N	\N	285.00	 	\N	[]	t	5	AVEST-DW15	\N	\N	0.00	285.00	25	2025-12-18 18:02:42.055562+00	2025-12-18 18:02:42.055562+00
222	5	  AVEST 16 	\N	\N	6060, , 3 , 	\N	\N	390.00	 	\N	[]	t	5	AVEST-DW16	\N	\N	0.00	390.00	26	2025-12-18 18:02:42.055562+00	2025-12-18 18:02:42.055562+00
100	3	   100 	\N	\N	  100125 .\r\n  :\r\n   Callebaut \r\n   (   )\r\n  \r\n   \r\n , \r\n  2 \r\n   (46 )\r\n\r\n :\r\n   (2 )\r\n   	\N	\N	16000.00	 	\N	[]	t	1	CHOKO-100	\N	\N	25.00	20000.00	3	2025-12-13 14:54:14.695453+00	2025-12-13 14:54:14.695453+00
307	6	 Sonyfer	\N	\N	   	\N	\N	4500.00		\N	[]	t	25	JUICE-SONYFER	\N	\N	20.00	5625.00	11	2025-12-20 10:20:25.575651+00	2025-12-20 10:20:25.575651+00
308	6	 	\N	\N	 	\N	\N	5600.00		\N	[]	t	20	GRINDER-TECH-1	\N	\N	20.00	7000.00	12	2025-12-20 10:20:25.575651+00	2025-12-20 10:20:25.575651+00
309	6	 	\N	\N		\N	\N	2800.00		\N	[]	t	20	GRINDER-TECH-2	\N	\N	20.00	3500.00	13	2025-12-20 10:20:25.575651+00	2025-12-20 10:20:25.575651+00
167	9	Sprite	\N	\N	 Sprite.	\N	\N	120.00		https://i.postimg.cc/8PnkqFh8/Frame-84.png	[]	t	200	DRINK-SPRITE	\N	\N	0.00	120.00	3	2025-12-15 15:28:45.091295+00	2025-12-15 15:28:45.091295+00
59	1	 	\N	\N	:  marry me,  6 ,  , , ,   4 ,  6 .  .	\N	\N	9600.00		\N	[]	t	100	MARRY_STD	\N	\N	30.00	13700.00	1	2025-12-13 10:24:03.391703+00	2025-12-13 10:24:03.391703+00
60	1	  	\N	\N	:  ,  7 ,  , , ,   4 ,  6 .  .	\N	\N	12000.00		\N	[]	t	100	MARRY_3HEARTS	\N	\N	30.00	17200.00	2	2025-12-13 10:29:31.399362+00	2025-12-13 10:29:31.399362+00
61	1	 VIP	\N	\N	:  ,   marry me,  7 ,  , , ,   4 ,  6 .  .	\N	\N	14400.00		\N	[]	t	100	MARRY_VIP	\N	\N	30.00	20600.00	3	2025-12-13 10:29:53.417806+00	2025-12-13 10:29:53.417806+00
62	1	 -	\N	\N	:   ,  marry me   ,  6 ,  , , ,   4 ,  6 .  .	\N	\N	18400.00		\N	[]	t	100	MARRY_ISSYK	\N	\N	30.00	26300.00	4	2025-12-13 10:30:17.686259+00	2025-12-13 10:30:17.686259+00
63	1	 Kombo	\N	\N	:  marry me,  marry me,  7 ,  , , ,   4 ,  6 .  .	\N	\N	15000.00		\N	[]	t	100	MARRY_KOMBO	\N	\N	30.00	19500.00	5	2025-12-13 10:30:30.89431+00	2025-12-13 10:30:30.89431+00
101	3	   150 	\N	\N	  150200 .\r\n  :\r\n   Callebaut \r\n   (   )\r\n  \r\n   \r\n , \r\n  2 \r\n   (46 )\r\n\r\n :\r\n   (2 )\r\n   	\N	\N	20000.00	 	\N	[]	t	1	CHOKO-150	\N	\N	25.00	25000.00	4	2025-12-13 14:54:38.884889+00	2025-12-13 14:54:38.884889+00
170	10	 30 	\N	\N	 , 30 .	\N	\N	980.00		https://i.postimg.cc/vmwpxMWC/Frame-96.png	[]	t	100	WINGS-30	\N	\N	30.00	1399.00	3	2025-12-17 08:23:32.227695+00	2025-12-17 08:23:32.227695+00
102	3	   200 	\N	\N	  175220 .\r\n  :\r\n   Callebaut \r\n   (   )\r\n  \r\n   \r\n , \r\n  2 \r\n   (46 )\r\n\r\n :\r\n   (2 )\r\n   	\N	\N	25000.00	 	\N	[]	t	1	CHOKO-200	\N	\N	25.00	31000.00	5	2025-12-13 14:55:31.013796+00	2025-12-13 14:55:31.013796+00
103	3	   250 	\N	\N	  250300 .\r\n  :\r\n   Callebaut \r\n   (   )\r\n  \r\n   \r\n , \r\n  2 \r\n   (46 )\r\n\r\n :\r\n   (2 )\r\n   	\N	\N	30000.00	 	\N	[]	t	1	CHOKO-250	\N	\N	25.00	37500.00	6	2025-12-13 14:56:00.683668+00	2025-12-13 14:56:00.683668+00
105	8	    Happy Birthday	\N	\N	 Happy Birthday,   , 4  ,  .	\N	\N	5400.00		https://i.postimg.cc/YSFH3jzT/Izobrazenie-Whats-App-2025-12-12-v-15-31-42-573af847.jpg	[]	t	1	HB_PINK_ARC	\N	\N	25.00	7200.00	2	2025-12-13 15:05:34.24755+00	2025-12-13 15:05:34.24755+00
106	8	    Happy Birthday	\N	\N	 Happy Birthday,   , 4  ,  .	\N	\N	5400.00		https://i.postimg.cc/JhVgRxjS/Izobrazenie-Whats-App-2025-12-12-v-15-32-53-b913038f.jpg	[]	t	1	HB_WHITE_ARC	\N	\N	25.00	7200.00	3	2025-12-13 15:06:49.147593+00	2025-12-13 15:06:49.147593+00
107	8	   Happy Birthday	\N	\N	 Happy Birthday,   , 6   (), 4  ,  .	\N	\N	7200.00		https://i.postimg.cc/28L23vk0/Izobrazenie-Whats-App-2025-12-12-v-15-35-21-6be19f59.jpg	[]	t	1	HB_LETTERS	\N	\N	20.00	9000.00	4	2025-12-13 15:08:15.7495+00	2025-12-13 15:08:15.7495+00
108	8	 	\N	\N	 Happy Birthday,  Happy Birthday,   , 4  , -,  25 ,  .	\N	\N	12600.00		https://i.postimg.cc/wBqrtvbg/Izobrazenie-Whats-App-2025-12-12-v-15-37-43-26e7b849.jpg	[]	t	1	HB_COMBO	\N	\N	20.00	15800.00	5	2025-12-13 15:09:23.263599+00	2025-12-13 15:09:23.263599+00
220	5	  AVEST 14 	\N	\N	6060, , 3 , 	\N	\N	260.00	 	\N	[]	t	5	AVEST-DW14	\N	\N	0.00	260.00	24	2025-12-18 18:02:42.055562+00	2025-12-18 18:02:42.055562+00
223	5	 AVEST A60B	\N	\N	60 , ,  	\N	\N	70.00		\N	[]	t	10	AVEST-A60B	\N	\N	0.00	70.00	12	2025-12-18 18:03:08.755521+00	2025-12-18 18:03:08.755521+00
224	5	 AVEST 2460W	\N	\N	60 , , ,  	\N	\N	84.00		\N	[]	t	10	AVEST-2460W	\N	\N	0.00	84.00	13	2025-12-18 18:03:08.755521+00	2025-12-18 18:03:08.755521+00
225	5	 AVEST 2460B	\N	\N	60 , , ,  	\N	\N	80.00		\N	[]	t	10	AVEST-2460B	\N	\N	0.00	80.00	14	2025-12-18 18:03:08.755521+00	2025-12-18 18:03:08.755521+00
226	5	 AVEST 2660W	\N	\N	60 , , ,  	\N	\N	95.00		\N	[]	t	10	AVEST-2660W	\N	\N	0.00	95.00	15	2025-12-18 18:03:08.755521+00	2025-12-18 18:03:08.755521+00
227	5	 AVEST 2660B	\N	\N	60 , , ,  	\N	\N	90.00		\N	[]	t	10	AVEST-2660B	\N	\N	0.00	90.00	16	2025-12-18 18:03:08.755521+00	2025-12-18 18:03:08.755521+00
228	5	 AVEST 3060S	\N	\N	60 , , ,  	\N	\N	65.00		\N	[]	t	10	AVEST-3060S	\N	\N	0.00	65.00	17	2025-12-18 18:03:08.755521+00	2025-12-18 18:03:08.755521+00
202	10	 50 	\N	\N	 , 50 .	\N	\N	2299.00		https://i.postimg.cc/NfztMWCv/Frame-110.png	[]	t	100	WINGS-50	\N	\N	30.00	1610.00	5	2025-12-17 16:00:20.61535+00	2025-12-17 16:00:20.61535+00
69	7	 	\N	\N	  .  900 .	\N	\N	2500.00		\N	[]	t	100	PAIR	\N	\N	25.00	3400.00	6	2025-12-13 10:45:16.321829+00	2025-12-13 10:45:16.321829+00
178	10	 BBQ	\N	\N	 BBQ.	\N	\N	50.00		https://i.postimg.cc/tJFd8v9r/Frame-106.png	[]	t	200	SAUCE-BBQ	\N	\N	0.00	50.00	3	2025-12-17 08:26:03.245074+00	2025-12-17 08:26:03.245074+00
177	10	 	\N	\N	 .	\N	\N	50.00		https://i.postimg.cc/xjGzDzvQ/Frame-100.png	[]	t	200	SAUCE-CHEESE	\N	\N	0.00	50.00	2	2025-12-17 08:26:03.245074+00	2025-12-17 08:26:03.245074+00
176	10	 	\N	\N	 .	\N	\N	50.00		https://i.postimg.cc/ZY6rbghH/Frame-101.png	[]	t	200	SAUCE-GARLIC	\N	\N	0.00	50.00	1	2025-12-17 08:26:03.245074+00	2025-12-17 08:26:03.245074+00
180	10		\N	\N	 .	\N	\N	50.00		https://i.postimg.cc/8zcJ6Xxy/Frame-99.png	[]	t	200	SAUCE-MAYO	\N	\N	0.00	50.00	5	2025-12-17 08:26:03.245074+00	2025-12-17 08:26:03.245074+00
168	10	 10 	\N	\N	 , 10 .	\N	\N	420.00		https://i.postimg.cc/FKvBspvK/Frame-65.png	[]	t	100	WINGS-10	\N	\N	30.00	599.00	1	2025-12-17 08:23:32.227695+00	2025-12-17 08:23:32.227695+00
171	10	 40 	\N	\N	 , 40 .	\N	\N	1300.00		https://i.postimg.cc/tTMZDrCQ/Frame-97.png	[]	t	100	WINGS-40	\N	\N	30.00	1799.00	4	2025-12-17 08:23:32.227695+00	2025-12-17 08:23:32.227695+00
238	5	  AVEST C7A	\N	\N	58,551 , ,  , 2  + 2 	\N	\N	115.00	 	\N	[]	t	10	AVEST-C7A	\N	\N	0.00	115.00	5	2025-12-18 18:04:07.65867+00	2025-12-18 18:04:07.65867+00
239	5	  AVEST 6401D	\N	\N	5952 , , , 3 	\N	\N	95.00	 	\N	[]	t	10	AVEST-6401D	\N	\N	0.00	95.00	6	2025-12-18 18:04:07.65867+00	2025-12-18 18:04:07.65867+00
240	5	  AVEST 5201D	\N	\N	5952 , , , 4 	\N	\N	93.00	 	\N	[]	t	10	AVEST-5201D	\N	\N	0.00	93.00	7	2025-12-18 18:04:07.65867+00	2025-12-18 18:04:07.65867+00
241	5	  AVEST 3203SD	\N	\N	2929 , , , 2 	\N	\N	63.00	 	\N	[]	t	10	AVEST-3203SD	\N	\N	0.00	63.00	8	2025-12-18 18:04:07.65867+00	2025-12-18 18:04:07.65867+00
158	9	 6 	\N	\N	 , 6 .	\N	\N	1000.00		https://i.postimg.cc/SQ9MZRmD/Frame-52.png	[]	t	100	LEG-6	\N	\N	0.00	1000.00	3	2025-12-15 15:28:01.154472+00	2025-12-15 15:28:01.154472+00
160	9	 	\N	\N	 .	\N	\N	50.00		https://i.postimg.cc/C14rqgcp/Frame-75.png	[]	t	200	SAUCE-GARLIC	\N	\N	0.00	50.00	1	2025-12-15 15:28:22.693364+00	2025-12-15 15:28:22.693364+00
64	7	  30 	\N	\N	   30 .  400 .	\N	\N	800.00		\N	[]	t	100	TRIAL30	\N	\N	30.00	1200.00	1	2025-12-13 10:45:16.321829+00	2025-12-13 10:45:16.321829+00
65	7	 50 	\N	\N	  50 .  700 .	\N	\N	1500.00		\N	[]	t	100	LESSON50	\N	\N	30.00	2200.00	2	2025-12-13 10:45:16.321829+00	2025-12-13 10:45:16.321829+00
66	7	 10 	\N	\N	10  .  7000 .	\N	\N	15000.00		\N	[]	t	100	PACK10	\N	\N	30.00	22000.00	3	2025-12-13 10:45:16.321829+00	2025-12-13 10:45:16.321829+00
67	7	 20 	\N	\N	20  .  13000 .	\N	\N	30000.00		\N	[]	t	100	PACK20	\N	\N	30.00	43000.00	4	2025-12-13 10:45:16.321829+00	2025-12-13 10:45:16.321829+00
174	10	 10 	\N	\N	 , 10 .	\N	\N	700.00		https://i.postimg.cc/QCFNth34/Frame-108.png	[]	t	100	LEG-10	\N	\N	30.00	999.00	2	2025-12-17 08:25:05.063756+00	2025-12-20 13:06:34.570713+00
157	9	 3 	\N	\N	 , 3 .	\N	\N	210.00		https://i.postimg.cc/3JBW6DVs/Frame-51.png	[]	t	100	LEG-3	\N	\N	40.00	349.00	2	2025-12-15 15:28:01.154472+00	2025-12-15 15:28:01.154472+00
152	9	 3 	\N	\N	 , 3 .	\N	\N	126.00		https://i.postimg.cc/fy6FfKQ9/Frame-62.png	[]	t	100	WINGS-3	\N	\N	40.00	209.00	1	2025-12-15 15:27:36.467513+00	2025-12-15 15:27:36.467513+00
156	9	 1 	\N	\N	 , 1 .	\N	\N	78.00		https://i.postimg.cc/k4Q7b0df/Frame-50.png	[]	t	100	LEG-1	\N	\N	40.00	129.00	1	2025-12-15 15:28:01.154472+00	2025-12-15 15:28:01.154472+00
68	7	   	\N	\N	20   25  + 20 .  2100 .	\N	\N	4900.00		\N	[]	t	100	INTENSIVE	\N	\N	30.00	7000.00	5	2025-12-13 10:45:16.321829+00	2025-12-13 10:45:16.321829+00
\.


--
-- Data for Name: partners; Type: TABLE DATA; Schema: public; Owner: yess_user
--

COPY public.partners ("Id", "Name", "Description", "Category", "CityId", "LogoUrl", "CoverImageUrl", "QrCodeUrl", "Phone", "Email", "Website", "SocialMedia", "BankAccount", "MaxDiscountPercent", "CashbackRate", "DefaultCashbackRate", "OwnerId", "IsActive", "IsVerified", "Latitude", "Longitude", "CreatedAt", "UpdatedAt", "ElqrMerchantId", "FinikAccountId") FROM stdin;
2	Papillon Store	Papillon Store      . \r\n     \r\n    (30%)  \r\n      \r\n      \r\n : Telegram t.me/+MzkaRJNJbtJkYTMy	Electronics	\N	https://i.postimg.cc/sD5y7pGJ/image-287.png	https://i.postimg.cc/dQ8S9nnW/image.png	\N	+996000000000	\N	\N	"telegram"=>"t.me/+MzkaRJNJbtJkYTMy"	KG000000000	10.00	5.00	5.00	1	t	t	42.8746	74.6122	2025-12-12 14:15:12.391372+00	2025-12-12 14:15:12.391372+00	\N	\N
5	ASSA Techno KG	 .  KONKA   .	Electronics	\N	https://i.postimg.cc/RFFGytpc/image-282.png	https://i.postimg.cc/htNSf8TK/Frame-22.png	\N	+996000000000	\N	\N	\N	KG000000002	10.00	5.00	5.00	1	t	t	\N	\N	2025-12-12 14:28:22.453726+00	2025-12-12 14:28:22.453726+00	\N	\N
10	Mania	       .	Food	\N	https://i.postimg.cc/wMf6B6Cf/Frame-40.png	https://i.postimg.cc/cLjrmc53/Frame-38.png	\N	+996702613312	\N	https://wa.me/996702613312	\N	\N	0.00	0.00	0.00	1	t	t	\N	\N	2025-12-15 15:20:43.85472+00	2025-12-15 15:20:43.85472+00	\N	\N
6		  .      .	Electronics	\N	https://i.postimg.cc/L6Ldxd1X/Frame-21.png	https://i.postimg.cc/QdCtBxPr/Frame-23.png	\N	+996705979999	\N	\N	\N	KG000000003	10.00	5.00	5.00	1	t	t	\N	\N	2025-12-12 14:28:39.971486+00	2025-12-12 14:28:39.971486+00	\N	\N
4	TECHFIRE	  TECHFIRE.     .	Electronics	\N	https://i.postimg.cc/SQ1HSSWL/image-281.png	https://i.postimg.cc/MppcyYn9/image-253.png	\N	+996502897777	\N	\N	\N	KG000000001	10.00	5.00	5.00	1	t	t	\N	\N	2025-12-12 14:27:57.553483+00	2025-12-12 14:27:57.553483+00	\N	\N
1	marrymekg7	    | MARRY ME | . , ,  .	Services	\N	https://i.postimg.cc/MTMDFHNb/Frame-36.png	https://i.postimg.cc/dtqMNZQC/image-280.png	\N	+996508111006	\N	\N	"instagram"=>"https://instagram.com/marrymekg7"	KG000000001	10.00	5.00	5.00	1	t	t	42.8746	74.6122	2025-12-12 14:08:31.696167+00	2025-12-12 14:08:31.696167+00	996551697296	00000000-0000-0000-0000-000000000000
11	Sushi White	      .	Food	\N	https://i.postimg.cc/nh48Wrtx/Frame-44.png	https://i.postimg.cc/ncsp3nzm/image.png	\N	\N	\N	\N	\N	\N	0.00	0.00	0.00	1	t	t	\N	\N	2025-12-21 05:19:40.274056+00	2025-12-21 05:19:40.274056+00	\N	\N
9	KOKO Chiken	          .		\N	https://i.postimg.cc/B63StPkm/image-309.png	https://i.postimg.cc/L5SyZ23z/image.png	\N	+996000000000	\N	\N	\N	KG000000003	20.00	5.00	5.00	1	t	t	\N	\N	2025-12-15 14:00:48.082087+00	2025-12-15 14:00:48.082087+00	\N	\N
7	english.nissi	   | English online .     .	Education	\N	https://i.postimg.cc/yNF6XyYg/Frame-39.png	https://i.postimg.cc/7hjjWjK0/image.png	\N	\N	\N	https://englishnissi.aqulas.me	\N	\N	0.00	0.00	0.00	1	t	t	\N	\N	2025-12-12 14:41:46.347511+00	2025-12-17 10:55:22.56171+00	\N	\N
3	chocoray.kg7	,  ,  , welcome drink,  .    .	Services	\N	https://i.postimg.cc/7L713d2Q/Frame-33.png	https://i.postimg.cc/D0c0hZbK/image.png	\N	+996504248481	\N	\N	"instagram"=>"\\"https://instagram.com/chocoray.kg7\\""	\N	10.00	5.00	5.00	1	t	t	\N	\N	2025-12-12 14:16:23.789237+00	2025-12-17 11:01:30.61893+00	\N	\N
8	happy_birthday_kg	 | HAPPY BIRTHDAY |   | . . , , -.	Events	\N	https://i.postimg.cc/2yfCqbDj/Frame-36.png	https://i.postimg.cc/dkp6t1dd/image.jpg	\N	+996702613312	\N	https://wa.me/996702613312	\N	\N	0.00	0.00	0.00	1	t	t	\N	\N	2025-12-13 09:23:38.309626+00	2025-12-17 11:06:27.125763+00	\N	\N
\.


--
-- Data for Name: payments_payment; Type: TABLE DATA; Schema: public; Owner: yess_user
--

COPY public.payments_payment (id, payment_id, amount, status, created_at, completed_at, user_id) FROM stdin;
1	8a10c8d1-9a08-4038-9741-c507fab199b0	100	PENDING	2025-12-17 15:21:49.81305+00	\N	\N
2	dd2863e6-5e77-4ab3-9ff2-90eef00ead6b	100	PENDING	2025-12-17 15:24:18.508589+00	\N	\N
3	9a019aa5-c5ed-47e9-8391-d0e91abddb6e	100	PENDING	2025-12-17 15:24:25.860056+00	\N	\N
4	cbf6c458-792e-4ce8-88fb-cdb4a8a738af	100	PENDING	2025-12-17 15:24:28.549817+00	\N	\N
5	06685421-1ecd-4f5c-95dd-66c006f6ce29	100	PENDING	2025-12-17 15:24:33.801199+00	\N	\N
6	28ff040f-09dc-4581-961a-e6915270c6b5	100	PENDING	2025-12-17 15:24:34.459815+00	\N	\N
7	bc9ea810-c3cb-4e64-aafe-8de71ebf23b1	100	PENDING	2025-12-18 11:04:19.303851+00	\N	12345678
8	ceb3e5d2-040f-4724-ad0c-e007f29b4ffc	100	PENDING	2025-12-18 11:14:09.68691+00	\N	12345678
9	94f87200-e87b-4979-9b61-e3ead5fe6337	100	PENDING	2025-12-18 11:16:47.843896+00	\N	12345678
10	7da35e00-2e94-4b47-ad1d-05a1ae67fc46	100	PENDING	2025-12-18 11:16:52.634493+00	\N	12345678
11	c21b1f47-d5c2-417c-a8ce-5f690abc648f	100	PENDING	2025-12-18 11:19:28.957515+00	\N	12345678
12	ec698099-4ca5-42cb-b833-903dfd35b86e	100	PENDING	2025-12-18 11:20:13.359089+00	\N	12345678
13	0e9b7bd7-8080-4b02-9d0d-dffd99e0ef43	100	PENDING	2025-12-18 11:20:37.691838+00	\N	12345678
14	e0d0124c-7a6b-4d74-8de0-daecaa9be5e3	100	PENDING	2025-12-18 11:20:39.250678+00	\N	12345678
15	9ca47085-f097-4a16-98a3-108d6001fb76	100	PENDING	2025-12-18 11:23:05.630264+00	\N	12345678
16	a4c6aa60-fb1e-488f-a83e-b58189e9ff5a	100	PENDING	2025-12-18 11:25:25.513471+00	\N	12345678
17	931d3ab9-559f-4296-ba71-6c974ac1e2e0	100	PENDING	2025-12-18 11:29:39.466302+00	\N	12345678
18	2653df5d-da1d-4a08-9b50-f294531b5d74	100	PENDING	2025-12-18 11:32:07.637794+00	\N	12345678
19	f2409279-3752-4ee0-a5b8-b7a62f9351e8	100	PENDING	2025-12-18 11:33:21.979847+00	\N	13
20	8fd90f45-b8cd-421f-beea-b8cfc2a0cad1	100	PENDING	2025-12-18 11:41:04.353177+00	\N	13
21	175ada10-3d21-485e-96c1-d5dcabd4e950	100	PENDING	2025-12-18 11:43:04.243455+00	\N	13
22	0ed43a83-bba7-4603-b3f1-eec59eefac8c	100	PENDING	2025-12-18 11:45:51.308924+00	\N	13
23	71dbe0ab-44c8-437e-b06e-5c6758b95792	100	PENDING	2025-12-18 11:48:46.981095+00	\N	13
24	8e5a9bfc-c1f8-4b01-b680-5ae2c241d976	100	PENDING	2025-12-18 11:51:43.590837+00	\N	13
25	50d4fd59-331b-4d3d-8058-ccee2be9e4ed	100	PENDING	2025-12-18 11:53:11.357087+00	\N	13
26	741cc200-e341-4843-994c-b9848e5d1440	100	PENDING	2025-12-18 11:54:44.081769+00	\N	13
27	195176a6-1140-4def-a1f3-872812858468	100	PENDING	2025-12-18 11:56:40.234645+00	\N	13
28	eee042c0-ba62-47ac-9927-a6aad9a17f8a	100	PENDING	2025-12-18 12:12:16.000951+00	\N	13
29	12b00f26-b497-4000-ae4f-783259836897	100	PENDING	2025-12-18 12:14:13.152755+00	\N	13
30	740ecd04-920b-4577-9c6e-e306a13a23fb	100	PENDING	2025-12-18 12:16:54.29176+00	\N	13
31	b96262ee-f321-424f-80b6-0d3176fbfa72	100	PENDING	2025-12-18 12:24:40.565739+00	\N	13
32	56eefb2b-d190-4490-8475-492474c2d782	100	PENDING	2025-12-18 12:24:48.206719+00	\N	13
33	f8d5d0ec-8eee-4337-ba3c-6f01a795c98a	100	PENDING	2025-12-18 12:27:09.621304+00	\N	13
34	397c7b42-2ecd-4484-a923-f5cfae2f9a48	100	PENDING	2025-12-18 12:31:11.695008+00	\N	13
35	80b6391d-7447-4b87-8e6b-51bd11982df6	20	PENDING	2025-12-18 12:34:41.991291+00	\N	13
36	56d35c3b-a1f4-4eea-afdd-03f6d507e465	100	PENDING	2025-12-18 14:26:39.173476+00	\N	\N
37	ad99d2c2-ad2a-49e3-a74b-311fec6a3f37	100	PENDING	2025-12-18 14:36:19.647475+00	\N	guest_user
38	3dc6d143-a969-4e2f-a2d7-95d7fedc9e80	20	PENDING	2025-12-18 14:44:08.291635+00	\N	13
39	e252f034-df50-43a2-b9be-ad028d8ffac6	2	PENDING	2025-12-18 14:44:21.376669+00	\N	13
40	9f2a6494-234f-40a8-b9ff-aa683fa959a5	0	PENDING	2025-12-18 14:56:46.434682+00	\N	13
41	28002f1a-8e47-4e3b-825d-a4ab939b157f	1	PENDING	2025-12-18 14:57:01.004702+00	\N	13
42	cdd02ab1-e272-45cf-89c3-3a69433e267d	100	PENDING	2025-12-18 15:13:50.127076+00	\N	guest_user
43	b4d3fb8c-b02b-4807-8824-683cf5453b89	1	PENDING	2025-12-18 15:21:04.703893+00	\N	13
44	fef39440-ccfe-4219-95b6-24a55f712523	1	PENDING	2025-12-18 15:31:43.05664+00	\N	13
45	9e708b68-dac1-454a-a70e-baad0717f208	1	PENDING	2025-12-18 15:38:30.0392+00	\N	13
46	6adf2d1e-6094-4fa2-a4d0-629f65cc2577	1	PENDING	2025-12-18 15:42:35.872226+00	\N	13
47	c1e6581a-92aa-4de7-a831-13e01cf1a3dd	1	PENDING	2025-12-18 15:45:16.844336+00	\N	13
48	92d68745-b34d-4bb5-a8c3-dafa6e785027	1	PENDING	2025-12-18 15:50:05.476692+00	\N	13
49	aee6b600-11a0-4403-a571-27d86f733a48	1	PENDING	2025-12-18 15:58:35.726923+00	\N	13
50	ab03150f-e044-4621-a3da-4c12193c3b41	1	COMPLETED	2025-12-18 16:02:32.169344+00	2025-12-18 16:03:22.12969+00	13
51	f3bdceb6-11ae-4a8c-9663-c365f785a1b4	1	COMPLETED	2025-12-18 16:05:26.43198+00	2025-12-18 16:05:44.679368+00	guest_user
52	0406e004-a5e2-42cb-b360-4f08d84378c4	1	PENDING	2025-12-18 16:10:44.956544+00	\N	\N
53	b307111e-f020-4917-91ce-89fb7c53f893	1	PENDING	2025-12-18 16:10:54.560154+00	\N	\N
54	2d8b1ec1-21a7-4eb4-9195-903f8432d606	1	PENDING	2025-12-18 16:18:31.708786+00	\N	\N
55	0b93baa0-e4d6-4f01-9019-c5fae87f89e4	1	PENDING	2025-12-18 16:18:47.316187+00	\N	guest_user
78	bc2ef307-00d3-4244-bdeb-067a5572979d	12	PENDING	2025-12-19 11:11:46.08178+00	\N	guest_user
56	383c257e-66e6-4c60-955b-c3d9dc31779d	1	PENDING	2025-12-18 16:22:47.869561+00	\N	\N
57	5cd2e62e-f707-4867-aea1-d0d5b1b4b0e6	1	PENDING	2025-12-18 16:22:52.018798+00	\N	\N
58	1fc708c3-7a3f-4b76-ab68-cb5cec73f6c2	1	PENDING	2025-12-18 16:22:59.70117+00	\N	guest_user
76	6a8ab71a-1d1b-4252-8c3d-912adf4f6562	90	SUCCESS	2025-12-19 08:36:50.551607+00	\N	13
59	b6bb9663-44a4-46c4-b259-b2662a323775	1	PENDING	2025-12-18 17:34:03.693945+00	\N	guest_user
60	f690408a-bbf4-4e3d-a126-e30991be8340	1	PENDING	2025-12-18 18:07:06.926109+00	\N	guest_user
61	fdfd7c5c-885b-4695-a63f-680ccae0a517	1	PENDING	2025-12-18 18:13:42.312071+00	\N	guest_user
62	5bd56de2-f719-473a-9df3-038641251715	1	PENDING	2025-12-18 18:23:22.274465+00	\N	guest_user
63	5ece590f-3223-4da0-959f-be61c6aa487c	1	PENDING	2025-12-18 18:32:22.894679+00	\N	guest_user
64	7fc919b3-6c52-4fcb-bf30-51be6268d141	1	PENDING	2025-12-18 18:36:31.541244+00	\N	guest_user
79	ca200926-9700-46b4-b33e-6fd5f352d4c5	1000	PENDING	2025-12-19 13:38:08.669629+00	\N	guest_user
80	446ebeaf-2ba2-4ee2-99c9-870c1114736a	100	PENDING	2025-12-19 13:38:25.383252+00	\N	guest_user
65	82d73bab-12c2-45d8-9a8b-44e9f9e79723	1	SUCCESS	2025-12-18 18:40:54.266491+00	2025-12-18 18:41:16.457407+00	13
81	eba43345-e8b5-4423-bce2-4ad00e7008a2	10	PENDING	2025-12-19 14:31:28.534242+00	\N	guest_user
67	f9dad391-f829-4357-8e10-207df732fb5f	1	PENDING	2025-12-18 19:15:55.942286+00	\N	guest_user
68	ba1399cf-092a-440d-87de-148f04fe7e30	1	PENDING	2025-12-18 19:21:43.00896+00	\N	guest_user
69	ff491c6d-00e8-4ded-a43c-369b5d254687	1	PENDING	2025-12-18 19:25:41.329056+00	\N	guest_user
70	eaa25ae4-3a2b-45db-9656-32b034ca8d8c	1	PENDING	2025-12-18 19:31:12.544656+00	\N	guest_user
82	ebe87338-1e9d-43c7-8a89-364f8555c4da	5	PENDING	2025-12-19 14:33:09.549429+00	\N	guest_user
66	11111111-1111-1111-1111-111111111111	150	SUCCESS	2025-12-18 19:14:40.738078+00	\N	13
71	29146bfa-a182-4287-8377-797aaeff3470	900	PENDING	2025-12-18 20:33:00.486179+00	\N	13
72	8fc84a8c-2fc1-474c-bc06-574d26304a0a	90	PENDING	2025-12-18 22:23:09.998363+00	\N	13
73	8f82d2e5-af65-4b8c-9b15-df23faaa1afd	10	PENDING	2025-12-19 08:10:56.556067+00	\N	\N
74	16a1f819-b23d-4bea-b43c-ca9f4b139955	10	PENDING	2025-12-19 08:11:03.59513+00	\N	\N
75	7c3e6d85-5ac3-40ca-855d-0f7620e84f51	10	PENDING	2025-12-19 08:18:37.631207+00	\N	\N
77	7b9e6ab8-a344-4d76-944c-c7d72b48b36c	20	PENDING	2025-12-19 08:47:09.152154+00	\N	guest_user
83	baa3f4e4-ef3d-416a-b5d7-0f14bd0cb3d5	2	PENDING	2025-12-19 14:46:02.28368+00	\N	guest_user
84	73ccbaca-4c42-4a74-a407-2a657932103f	2	PENDING	2025-12-19 14:52:29.62245+00	\N	guest_user
85	5ddc2ce6-dcd3-4fdd-8eed-5f33a4c4181d	1	PENDING	2025-12-19 14:57:18.778325+00	\N	guest_user
86	3b9ad8d7-e251-473f-8f1d-14e03dd8a706	100	PENDING	2025-12-19 15:34:08.535046+00	\N	guest_user
87	96690b4a-d89e-4137-9809-360ba7b7e4a2	20	PENDING	2025-12-19 15:34:27.444337+00	\N	guest_user
88	bf817b7a-e543-463b-9f05-9f8512aa0333	2	PENDING	2025-12-20 04:52:22.421186+00	\N	guest_user
89	9584eca0-2e93-4a4d-bd7b-ad59b23ef8c1	100	PENDING	2025-12-20 05:34:38.384581+00	\N	\N
90	de2e2da0-0c37-40e5-a2ab-584ed8f1ca8a	2	PENDING	2025-12-20 06:13:09.533692+00	\N	guest_user
91	fe38169f-4928-4fda-bad8-72aaab01aee9	1	PENDING	2025-12-20 08:39:58.612633+00	\N	guest_user
92	6a41fd26-de2a-478d-b9ff-1cc8d98aea84	1	PENDING	2025-12-20 08:40:24.1541+00	\N	guest_user
93	adf6f8f3-2afc-4bd6-b652-812e0d9f440b	1	PENDING	2025-12-20 13:53:34.93472+00	\N	\N
94	5320fa0d-7745-413a-89a5-b84fe89c2e5f	1	PENDING	2025-12-20 13:53:36.714653+00	\N	\N
95	14f13e2f-fc0e-41ae-ae76-8fae98010967	1	PENDING	2025-12-20 13:53:38.296056+00	\N	\N
96	9187002c-b4c2-45bd-9fb5-2a1a37a9a826	1	PENDING	2025-12-20 13:53:40.011359+00	\N	\N
97	fd70971b-59ce-4197-98f0-3ed37ed94532	1	PENDING	2025-12-20 13:53:41.651101+00	\N	\N
98	6deb4183-c2df-420c-827c-ad4b748f360d	1	PENDING	2025-12-20 13:53:43.2898+00	\N	\N
\.


--
-- Data for Name: transactions; Type: TABLE DATA; Schema: public; Owner: yess_user
--

COPY public.transactions ("Id", "UserId", "PartnerId", "Type", "Amount", "Commission", "PaymentMethod", "GatewayTransactionId", "ErrorMessage", "ProcessedAt", "BalanceBefore", "BalanceAfter", "Status", "PaymentUrl", "QrCodeData", "YescoinUsed", "YescoinEarned", "Description", "CreatedAt", "CompletedAt") FROM stdin;
3	13	1	QR_SPEND	10.50	0.00	\N	\N	\N	\N	\N	\N	SUCCESS	\N	\N	0.00	0.00	QR Pay: Partner 1	2025-12-19 14:26:18.286051+00	\N
5	13	\N	TOPUP	2.00	0.00	\N	\N	\N	\N	\N	\N	SUCCESS	\N	\N	0.00	0.00	Finik Top-up	2025-12-19 14:52:55.886349+00	\N
6	13	\N	TOPUP	2.00	0.00	\N	\N	\N	\N	\N	\N	SUCCESS	\N	\N	0.00	0.00	Finik Top-up	2025-12-19 14:53:24.349494+00	\N
7	13	\N	TOPUP	1.00	0.00	\N	\N	\N	\N	\N	\N	SUCCESS	\N	\N	0.00	0.00	Finik Top-up	2025-12-19 14:58:39.605029+00	\N
\.


--
-- Data for Name: users; Type: TABLE DATA; Schema: public; Owner: yess_user
--

COPY public.users ("Id", "Name", "FirstName", "LastName", "Email", "Phone", "PasswordHash", "AvatarUrl", "Bio", "Address", "PhoneVerified", "EmailVerified", "VerificationCode", "VerificationExpiresAt", "DeviceTokens", "PushEnabled", "SmsEnabled", "CityId", "Latitude", "Longitude", "ReferralCode", "ReferredBy", "IsActive", "IsBlocked", "LastLoginAt", "CreatedAt", "UpdatedAt") FROM stdin;
1	kanai akm	kanai	akm	+996686546564@temp.local	+996686546564	$2a$11$YeyXIj//Y9BjoZA9KdG/0.I/KwW4RqMfXRC8euwk.yqo5QlAPDAW6	\N	\N	\N	t	f	\N	2025-12-12 14:12:48.645471+00	[]	t	t	\N	\N	\N	A3ULG7FU	\N	f	f	2025-12-12 14:04:46.563841+00	2025-12-12 14:02:48.645615+00	2025-12-12 14:02:56.971934+00
2	 			+996556150622@temp.local	+996556150622	$2a$11$4jlxY0PMhjmyCp3oIp404ea3.lXbH1vVI7Z5ReL1Wyu0hKBFW4Che	\N	\N	\N	t	f	\N	2025-12-12 14:30:12.827159+00	[]	t	t	\N	\N	\N	M5V74WBE	\N	f	f	2025-12-12 14:20:37.776831+00	2025-12-12 14:20:12.827162+00	2025-12-12 14:20:37.206126+00
17	\N	Daniyar	Kemelbekov	+996502019275@example.local	+996502019275	$2a$11$cavD.sXrdhwhyt37pZ2Loe2p5d3jsp52uZFsfxh.fVY3z5mcc2udK	\N	\N	\N	f	f	\N	\N	[]	t	t	\N	\N	\N	5WOZVI9V	\N	t	f	\N	2025-12-19 10:07:49.960105+00	2025-12-19 10:07:49.96013+00
4	igsur iys	igsur	iys	+996990500777@temp.local	+996990500777	$2a$11$5Us5X83kDmXjgXCY2cYzA.UG.p2cLhjgLvhXVQdqrGoe/K.A2DI2i	\N	\N	\N	t	f	\N	2025-12-12 14:54:02.456179+00	[]	t	t	\N	\N	\N	BDJAL1Y7	\N	f	f	2025-12-12 14:44:09.27016+00	2025-12-12 14:44:02.456182+00	2025-12-12 14:44:08.709075+00
15	\N			+996995191949@example.local	+996995191949	$2a$11$jVqs065UP.4QzgSMQllTFOvJj.zZZp0Qq7rCcOhYFB7Ypsuu1NrfC	\N	\N	\N	f	f	\N	\N	[]	t	t	\N	\N	\N	T73SME7S	\N	t	f	\N	2025-12-17 08:02:22.928313+00	2025-12-17 08:02:22.928313+00
14	 			+996705884885@example.local	+996705884885	$2a$11$8KeB1TN9NSD84QJPsNmtSufjSjS6YG5lAcuoZWeaq8ZqM7abaP.de	\N	\N	\N	f	f	\N	\N	[]	t	t	\N	\N	\N	X0053194	\N	t	f	\N	2025-12-17 07:08:29.148728+00	2025-12-17 07:08:29.148755+00
6	kll kkkk	kll	kkkk	+996656556556@temp.local	+996656556556	$2a$11$WElhlk6bc21ZAMHzAc9XzuitCPzMkXXHRvzMU/R1RysNKtvkRwK2S	\N	\N	\N	t	f	\N	2025-12-12 15:22:20.593162+00	[]	t	t	\N	\N	\N	QVPDF4YQ	\N	f	f	2025-12-12 15:12:28.397422+00	2025-12-12 15:12:20.593165+00	2025-12-12 15:12:27.839646+00
7	kanai akmatalyev	kanai	akmatalyev	+996999911111@temp.local	+996999911111	$2a$11$ISOCU9y5dJFIFD93AN7JNeMTKRC/1.XCBwGJp.1JDzj8NK7xf8ouW	\N	\N	\N	t	f	\N	2025-12-12 16:13:25.309792+00	[]	t	t	\N	\N	\N	LHR58OAL	\N	f	f	2025-12-12 16:03:33.982222+00	2025-12-12 16:03:25.309794+00	2025-12-12 16:03:33.427466+00
8	jtsu ursu	jtsu	ursu	+996757557567@temp.local	+996757557567	$2a$11$vSFR3toG8Kw8T612.yYseO850WUPPQsCKZroGAJeLfA2JQdR6nFXq	\N	\N	\N	t	f	\N	2025-12-12 21:10:11.926706+00	[]	t	t	\N	\N	\N	0GBN7A87	\N	f	f	2025-12-12 21:00:17.809749+00	2025-12-12 21:00:11.926707+00	2025-12-12 21:00:17.383858+00
10	\N	\N	\N	+996700123456@temp.local	+996700123456	\N	\N	\N	\N	f	f	127849	2025-12-13 13:45:04.657116+00	[]	t	t	\N	\N	\N	\N	\N	f	f	\N	2025-12-13 13:35:04.657117+00	2025-12-13 13:35:04.657117+00
19	\N			+996508441088@example.local	+996508441088	$2a$11$DWFM/RHQd2yCXl.ft5eQ9.p3qUqZk9qGj.swA9Qr5GvEMZLg8DZrG	\N	\N	\N	f	f	\N	\N	[]	t	t	\N	\N	\N	FX277ZNY	\N	t	f	\N	2025-12-20 15:26:53.939094+00	2025-12-20 15:26:53.939124+00
11	kanai kanai	kanai	kanai	+996666666666@temp.local	+996666666666	$2a$11$DNvtiosib/RjlynkuLBzzeazPfXNIOW6jcfSjMrnDfD1c.9j6Zi5C	\N	\N	\N	t	f	\N	2025-12-13 14:31:50.730949+00	[]	t	t	\N	\N	\N	IO564E55	\N	f	f	2025-12-13 14:21:58.187134+00	2025-12-13 14:21:50.730949+00	2025-12-13 14:21:57.582049+00
20	\N			+996508049666@example.local	+996508049666	$2a$11$.L0Z/fQGx1dNEqpcrmmc/OBiTemlbONLfNXtd/k7JC5YQ.CcYkb3i	\N	\N	\N	f	f	\N	\N	[]	t	t	\N	\N	\N	B5X2WSLQ	\N	t	f	2025-12-20 15:49:36.474125+00	2025-12-20 15:37:12.782525+00	2025-12-20 15:37:12.782525+00
5	YessGo .	YessGo	.	+996990118157@temp.local	+996990118157	$2a$11$wrQc7Kq4U0x4NbUOBf/K2.9GwPj4SyBHnnGAX8wUsdPnhykF1I5cq	\N	\N	\N	t	f	\N	2025-12-12 15:02:50.374474+00	[]	t	t	\N	\N	\N	AD4CZR0O	\N	f	f	2025-12-20 15:58:54.562619+00	2025-12-12 14:52:50.374477+00	2025-12-12 14:53:03.210194+00
16	\N			+996507700007@example.local	+996507700007	$2a$11$QANoepaevrC1BbsYHJeuqe.Be7MUD2z76TRD4FbeyGovuI93XlRtK	\N	\N	\N	f	f	\N	\N	[]	t	t	\N	\N	\N	GEP3OBT3	\N	t	f	2025-12-20 17:40:23.567615+00	2025-12-17 16:37:49.230804+00	2025-12-17 16:37:49.230834+00
13	test test	test	test	+996550200628@temp.local	+996550200628	$2a$11$KMk64N9U9VMEuyJFRFYyhuJHUhuD7oK9ZuPu6mSAc6YN8U9wEprsG	\N	\N	\N	t	f	\N	2025-12-15 19:47:19.122641+00	[]	t	t	\N	\N	\N	LZZBZMN2	\N	f	f	2025-12-20 19:40:17.805925+00	2025-12-15 19:37:19.122787+00	2025-12-15 19:37:30.337583+00
9	aktan zhakiev	aktan	zhakiev	+996555555555@temp.local	+996555555555	$2a$11$E93LTCyfwTppGnz22n04m.Pu7t9Pr5pCJCmmBL/OPNhGhP.IhEB6u	\N	\N	\N	t	f	\N	2025-12-13 10:47:22.607996+00	[]	t	t	\N	\N	\N	619I6FDU	\N	f	f	2025-12-21 06:45:05.155369+00	2025-12-13 10:37:22.607998+00	2025-12-13 10:37:29.484248+00
18	\N			+996707240652@example.local	+996707240652	$2a$11$.kKk.J1.5sWOeErpOxJbG.PuTj3C1oEP.ddRQApDJz9I1PZWrSQdC	\N	\N	\N	f	f	\N	\N	[]	t	t	\N	\N	\N	I2HJIGAL	\N	t	f	\N	2025-12-20 06:12:27.789831+00	2025-12-20 06:12:27.789862+00
3	kanai akm	kanai	akm	+996999999999@temp.local	+996999999999	$2a$11$hF8QofbrDYzWGoz2ZNfwuehXKt3ZVtrQdtPBSxI8y9xl2FpcQ2SGO	\N	\N	\N	t	f	\N	2025-12-12 14:46:49.153655+00	[]	t	t	\N	\N	\N	7CLI8Q37	\N	f	f	2025-12-21 06:58:49.092512+00	2025-12-12 14:36:49.153658+00	2025-12-12 14:36:58.288842+00
12	\N	Aman	Amanchik	+996551697296@example.local	+996551697296	$2a$11$XJLS2o7jZR7rS7da3/gYNOSnBC9u.INIOCXBHWoqmAyiXMtUEtuxO	\N	\N	\N	f	f	\N	\N	[]	t	t	\N	\N	\N	3GL4MY2E	\N	t	f	2025-12-21 07:10:07.929098+00	2025-12-13 19:58:07.094079+00	2025-12-13 19:58:07.094179+00
\.


--
-- Data for Name: wallets; Type: TABLE DATA; Schema: public; Owner: yess_user
--

COPY public.wallets ("Id", "UserId", "Balance", "YescoinBalance", "TotalEarned", "TotalSpent", "LastUpdated") FROM stdin;
1	1	34623.00	0.00	0.00	0.00	2025-12-12 14:02:56.995641+00
3	3	3457624.00	0.00	0.00	0.00	2025-12-12 14:36:58.291798+00
2	2	1000000.00	0.00	0.00	0.00	2025-12-12 14:20:37.209194+00
4	4	100000.00	0.00	0.00	0.00	2025-12-12 14:44:08.712433+00
6	6	1000000.00	0.00	0.00	0.00	2025-12-12 15:12:27.84208+00
7	7	100000.00	0.00	0.00	0.00	2025-12-12 16:03:33.430499+00
8	8	1000000.00	0.00	0.00	0.00	2025-12-12 21:00:17.386951+00
9	9	1000000.00	0.00	0.00	0.00	2025-12-13 10:37:29.4873+00
10	11	1000000.00	0.00	0.00	0.00	2025-12-13 14:21:57.584277+00
13	14	100000.00	0.00	0.00	0.00	2025-12-17 07:08:29.204703+00
14	15	100000.00	0.00	0.00	0.00	2025-12-17 08:02:22.931188+00
15	16	100000.00	0.00	0.00	0.00	2025-12-17 16:37:49.283961+00
11	12	1000000.00	12897876.00	0.00	0.00	2025-12-13 19:58:07.161991+00
16	17	0.00	0.00	0.00	0.00	2025-12-19 10:07:50.006458+00
5	5	10000.00	12936424.00	0.00	0.00	2025-12-12 14:53:03.212764+00
12	13	100320.00	634.50	95.00	10.50	2025-12-19 14:58:39.602591+00
17	18	0.00	0.00	0.00	0.00	2025-12-20 06:12:27.853863+00
18	19	0.00	0.00	0.00	0.00	2025-12-20 15:26:54.008965+00
19	20	0.00	0.00	0.00	0.00	2025-12-20 15:37:12.785488+00
\.


--
-- Name: AchievementProgresses_Id_seq; Type: SEQUENCE SET; Schema: public; Owner: yess_user
--

SELECT pg_catalog.setval('public."AchievementProgresses_Id_seq"', 1, false);


--
-- Name: Achievements_Id_seq; Type: SEQUENCE SET; Schema: public; Owner: yess_user
--

SELECT pg_catalog.setval('public."Achievements_Id_seq"', 1, false);


--
-- Name: Cities_Id_seq; Type: SEQUENCE SET; Schema: public; Owner: yess_user
--

SELECT pg_catalog.setval('public."Cities_Id_seq"', 1, false);


--
-- Name: LevelRewards_Id_seq; Type: SEQUENCE SET; Schema: public; Owner: yess_user
--

SELECT pg_catalog.setval('public."LevelRewards_Id_seq"', 1, false);


--
-- Name: NotificationLogs_Id_seq; Type: SEQUENCE SET; Schema: public; Owner: yess_user
--

SELECT pg_catalog.setval('public."NotificationLogs_Id_seq"', 1, false);


--
-- Name: NotificationSettings_Id_seq; Type: SEQUENCE SET; Schema: public; Owner: yess_user
--

SELECT pg_catalog.setval('public."NotificationSettings_Id_seq"', 1, false);


--
-- Name: NotificationTemplates_Id_seq; Type: SEQUENCE SET; Schema: public; Owner: yess_user
--

SELECT pg_catalog.setval('public."NotificationTemplates_Id_seq"', 1, false);


--
-- Name: Notifications_Id_seq; Type: SEQUENCE SET; Schema: public; Owner: yess_user
--

SELECT pg_catalog.setval('public."Notifications_Id_seq"', 1, false);


--
-- Name: OrderItems_Id_seq; Type: SEQUENCE SET; Schema: public; Owner: yess_user
--

SELECT pg_catalog.setval('public."OrderItems_Id_seq"', 1, false);


--
-- Name: PartnerEmployees_Id_seq; Type: SEQUENCE SET; Schema: public; Owner: yess_user
--

SELECT pg_catalog.setval('public."PartnerEmployees_Id_seq"', 1, false);


--
-- Name: PartnerLocations_Id_seq; Type: SEQUENCE SET; Schema: public; Owner: yess_user
--

SELECT pg_catalog.setval('public."PartnerLocations_Id_seq"', 1, false);


--
-- Name: PaymentAnalytics_Id_seq; Type: SEQUENCE SET; Schema: public; Owner: yess_user
--

SELECT pg_catalog.setval('public."PaymentAnalytics_Id_seq"', 1, false);


--
-- Name: PaymentMethods_Id_seq; Type: SEQUENCE SET; Schema: public; Owner: yess_user
--

SELECT pg_catalog.setval('public."PaymentMethods_Id_seq"', 1, false);


--
-- Name: PaymentProviderTransactions_Id_seq; Type: SEQUENCE SET; Schema: public; Owner: yess_user
--

SELECT pg_catalog.setval('public."PaymentProviderTransactions_Id_seq"', 1, false);


--
-- Name: PromoCodes_Id_seq; Type: SEQUENCE SET; Schema: public; Owner: yess_user
--

SELECT pg_catalog.setval('public."PromoCodes_Id_seq"', 1, false);


--
-- Name: PromotionUsages_Id_seq; Type: SEQUENCE SET; Schema: public; Owner: yess_user
--

SELECT pg_catalog.setval('public."PromotionUsages_Id_seq"', 1, false);


--
-- Name: Promotions_Id_seq; Type: SEQUENCE SET; Schema: public; Owner: yess_user
--

SELECT pg_catalog.setval('public."Promotions_Id_seq"', 1, false);


--
-- Name: ReconciliationReports_Id_seq; Type: SEQUENCE SET; Schema: public; Owner: yess_user
--

SELECT pg_catalog.setval('public."ReconciliationReports_Id_seq"', 1, false);


--
-- Name: Refunds_Id_seq; Type: SEQUENCE SET; Schema: public; Owner: yess_user
--

SELECT pg_catalog.setval('public."Refunds_Id_seq"', 1, false);


--
-- Name: Roles_Id_seq; Type: SEQUENCE SET; Schema: public; Owner: yess_user
--

SELECT pg_catalog.setval('public."Roles_Id_seq"', 1, false);


--
-- Name: Stories_Id_seq; Type: SEQUENCE SET; Schema: public; Owner: yess_user
--

SELECT pg_catalog.setval('public."Stories_Id_seq"', 1, false);


--
-- Name: StoryClicks_Id_seq; Type: SEQUENCE SET; Schema: public; Owner: yess_user
--

SELECT pg_catalog.setval('public."StoryClicks_Id_seq"', 1, false);


--
-- Name: StoryViews_Id_seq; Type: SEQUENCE SET; Schema: public; Owner: yess_user
--

SELECT pg_catalog.setval('public."StoryViews_Id_seq"', 56, true);


--
-- Name: UserAchievements_Id_seq; Type: SEQUENCE SET; Schema: public; Owner: yess_user
--

SELECT pg_catalog.setval('public."UserAchievements_Id_seq"', 1, false);


--
-- Name: UserLevelRewards_Id_seq; Type: SEQUENCE SET; Schema: public; Owner: yess_user
--

SELECT pg_catalog.setval('public."UserLevelRewards_Id_seq"', 1, false);


--
-- Name: UserLevels_Id_seq; Type: SEQUENCE SET; Schema: public; Owner: yess_user
--

SELECT pg_catalog.setval('public."UserLevels_Id_seq"', 1, false);


--
-- Name: UserPromoCodes_Id_seq; Type: SEQUENCE SET; Schema: public; Owner: yess_user
--

SELECT pg_catalog.setval('public."UserPromoCodes_Id_seq"', 1, false);


--
-- Name: UserRoles_Id_seq; Type: SEQUENCE SET; Schema: public; Owner: yess_user
--

SELECT pg_catalog.setval('public."UserRoles_Id_seq"', 1, false);


--
-- Name: auth_group_id_seq; Type: SEQUENCE SET; Schema: public; Owner: yess_user
--

SELECT pg_catalog.setval('public.auth_group_id_seq', 1, false);


--
-- Name: auth_group_permissions_id_seq; Type: SEQUENCE SET; Schema: public; Owner: yess_user
--

SELECT pg_catalog.setval('public.auth_group_permissions_id_seq', 1, false);


--
-- Name: auth_permission_id_seq; Type: SEQUENCE SET; Schema: public; Owner: yess_user
--

SELECT pg_catalog.setval('public.auth_permission_id_seq', 28, true);


--
-- Name: auth_user_groups_id_seq; Type: SEQUENCE SET; Schema: public; Owner: yess_user
--

SELECT pg_catalog.setval('public.auth_user_groups_id_seq', 1, false);


--
-- Name: auth_user_id_seq; Type: SEQUENCE SET; Schema: public; Owner: yess_user
--

SELECT pg_catalog.setval('public.auth_user_id_seq', 1, false);


--
-- Name: auth_user_user_permissions_id_seq; Type: SEQUENCE SET; Schema: public; Owner: yess_user
--

SELECT pg_catalog.setval('public.auth_user_user_permissions_id_seq', 1, false);


--
-- Name: django_admin_log_id_seq; Type: SEQUENCE SET; Schema: public; Owner: yess_user
--

SELECT pg_catalog.setval('public.django_admin_log_id_seq', 1, false);


--
-- Name: django_content_type_id_seq; Type: SEQUENCE SET; Schema: public; Owner: yess_user
--

SELECT pg_catalog.setval('public.django_content_type_id_seq', 7, true);


--
-- Name: django_migrations_id_seq; Type: SEQUENCE SET; Schema: public; Owner: yess_user
--

SELECT pg_catalog.setval('public.django_migrations_id_seq', 22, true);


--
-- Name: orders_Id_seq; Type: SEQUENCE SET; Schema: public; Owner: yess_user
--

SELECT pg_catalog.setval('public."orders_Id_seq"', 1, true);


--
-- Name: partner_products_Id_seq; Type: SEQUENCE SET; Schema: public; Owner: yess_user
--

SELECT pg_catalog.setval('public."partner_products_Id_seq"', 350, true);


--
-- Name: partners_Id_seq; Type: SEQUENCE SET; Schema: public; Owner: yess_user
--

SELECT pg_catalog.setval('public."partners_Id_seq"', 3, true);


--
-- Name: payments_payment_id_seq; Type: SEQUENCE SET; Schema: public; Owner: yess_user
--

SELECT pg_catalog.setval('public.payments_payment_id_seq', 98, true);


--
-- Name: transactions_Id_seq; Type: SEQUENCE SET; Schema: public; Owner: yess_user
--

SELECT pg_catalog.setval('public."transactions_Id_seq"', 7, true);


--
-- Name: users_Id_seq; Type: SEQUENCE SET; Schema: public; Owner: yess_user
--

SELECT pg_catalog.setval('public."users_Id_seq"', 20, true);


--
-- Name: wallets_Id_seq; Type: SEQUENCE SET; Schema: public; Owner: yess_user
--

SELECT pg_catalog.setval('public."wallets_Id_seq"', 19, true);


--
-- Name: AchievementProgresses PK_AchievementProgresses; Type: CONSTRAINT; Schema: public; Owner: yess_user
--

ALTER TABLE ONLY public."AchievementProgresses"
    ADD CONSTRAINT "PK_AchievementProgresses" PRIMARY KEY ("Id");


--
-- Name: Achievements PK_Achievements; Type: CONSTRAINT; Schema: public; Owner: yess_user
--

ALTER TABLE ONLY public."Achievements"
    ADD CONSTRAINT "PK_Achievements" PRIMARY KEY ("Id");


--
-- Name: AdminUsers PK_AdminUsers; Type: CONSTRAINT; Schema: public; Owner: yess_user
--

ALTER TABLE ONLY public."AdminUsers"
    ADD CONSTRAINT "PK_AdminUsers" PRIMARY KEY ("Id");


--
-- Name: Cities PK_Cities; Type: CONSTRAINT; Schema: public; Owner: yess_user
--

ALTER TABLE ONLY public."Cities"
    ADD CONSTRAINT "PK_Cities" PRIMARY KEY ("Id");


--
-- Name: LevelRewards PK_LevelRewards; Type: CONSTRAINT; Schema: public; Owner: yess_user
--

ALTER TABLE ONLY public."LevelRewards"
    ADD CONSTRAINT "PK_LevelRewards" PRIMARY KEY ("Id");


--
-- Name: NotificationLogs PK_NotificationLogs; Type: CONSTRAINT; Schema: public; Owner: yess_user
--

ALTER TABLE ONLY public."NotificationLogs"
    ADD CONSTRAINT "PK_NotificationLogs" PRIMARY KEY ("Id");


--
-- Name: NotificationSettings PK_NotificationSettings; Type: CONSTRAINT; Schema: public; Owner: yess_user
--

ALTER TABLE ONLY public."NotificationSettings"
    ADD CONSTRAINT "PK_NotificationSettings" PRIMARY KEY ("Id");


--
-- Name: NotificationTemplates PK_NotificationTemplates; Type: CONSTRAINT; Schema: public; Owner: yess_user
--

ALTER TABLE ONLY public."NotificationTemplates"
    ADD CONSTRAINT "PK_NotificationTemplates" PRIMARY KEY ("Id");


--
-- Name: Notifications PK_Notifications; Type: CONSTRAINT; Schema: public; Owner: yess_user
--

ALTER TABLE ONLY public."Notifications"
    ADD CONSTRAINT "PK_Notifications" PRIMARY KEY ("Id");


--
-- Name: OrderItems PK_OrderItems; Type: CONSTRAINT; Schema: public; Owner: yess_user
--

ALTER TABLE ONLY public."OrderItems"
    ADD CONSTRAINT "PK_OrderItems" PRIMARY KEY ("Id");


--
-- Name: PartnerEmployees PK_PartnerEmployees; Type: CONSTRAINT; Schema: public; Owner: yess_user
--

ALTER TABLE ONLY public."PartnerEmployees"
    ADD CONSTRAINT "PK_PartnerEmployees" PRIMARY KEY ("Id");


--
-- Name: PartnerLocations PK_PartnerLocations; Type: CONSTRAINT; Schema: public; Owner: yess_user
--

ALTER TABLE ONLY public."PartnerLocations"
    ADD CONSTRAINT "PK_PartnerLocations" PRIMARY KEY ("Id");


--
-- Name: PaymentAnalytics PK_PaymentAnalytics; Type: CONSTRAINT; Schema: public; Owner: yess_user
--

ALTER TABLE ONLY public."PaymentAnalytics"
    ADD CONSTRAINT "PK_PaymentAnalytics" PRIMARY KEY ("Id");


--
-- Name: PaymentMethods PK_PaymentMethods; Type: CONSTRAINT; Schema: public; Owner: yess_user
--

ALTER TABLE ONLY public."PaymentMethods"
    ADD CONSTRAINT "PK_PaymentMethods" PRIMARY KEY ("Id");


--
-- Name: PaymentProviderTransactions PK_PaymentProviderTransactions; Type: CONSTRAINT; Schema: public; Owner: yess_user
--

ALTER TABLE ONLY public."PaymentProviderTransactions"
    ADD CONSTRAINT "PK_PaymentProviderTransactions" PRIMARY KEY ("Id");


--
-- Name: PromoCodes PK_PromoCodes; Type: CONSTRAINT; Schema: public; Owner: yess_user
--

ALTER TABLE ONLY public."PromoCodes"
    ADD CONSTRAINT "PK_PromoCodes" PRIMARY KEY ("Id");


--
-- Name: PromotionUsages PK_PromotionUsages; Type: CONSTRAINT; Schema: public; Owner: yess_user
--

ALTER TABLE ONLY public."PromotionUsages"
    ADD CONSTRAINT "PK_PromotionUsages" PRIMARY KEY ("Id");


--
-- Name: Promotions PK_Promotions; Type: CONSTRAINT; Schema: public; Owner: yess_user
--

ALTER TABLE ONLY public."Promotions"
    ADD CONSTRAINT "PK_Promotions" PRIMARY KEY ("Id");


--
-- Name: ReconciliationReports PK_ReconciliationReports; Type: CONSTRAINT; Schema: public; Owner: yess_user
--

ALTER TABLE ONLY public."ReconciliationReports"
    ADD CONSTRAINT "PK_ReconciliationReports" PRIMARY KEY ("Id");


--
-- Name: Refunds PK_Refunds; Type: CONSTRAINT; Schema: public; Owner: yess_user
--

ALTER TABLE ONLY public."Refunds"
    ADD CONSTRAINT "PK_Refunds" PRIMARY KEY ("Id");


--
-- Name: Roles PK_Roles; Type: CONSTRAINT; Schema: public; Owner: yess_user
--

ALTER TABLE ONLY public."Roles"
    ADD CONSTRAINT "PK_Roles" PRIMARY KEY ("Id");


--
-- Name: Stories PK_Stories; Type: CONSTRAINT; Schema: public; Owner: yess_user
--

ALTER TABLE ONLY public."Stories"
    ADD CONSTRAINT "PK_Stories" PRIMARY KEY ("Id");


--
-- Name: StoryClicks PK_StoryClicks; Type: CONSTRAINT; Schema: public; Owner: yess_user
--

ALTER TABLE ONLY public."StoryClicks"
    ADD CONSTRAINT "PK_StoryClicks" PRIMARY KEY ("Id");


--
-- Name: StoryViews PK_StoryViews; Type: CONSTRAINT; Schema: public; Owner: yess_user
--

ALTER TABLE ONLY public."StoryViews"
    ADD CONSTRAINT "PK_StoryViews" PRIMARY KEY ("Id");


--
-- Name: UserAchievements PK_UserAchievements; Type: CONSTRAINT; Schema: public; Owner: yess_user
--

ALTER TABLE ONLY public."UserAchievements"
    ADD CONSTRAINT "PK_UserAchievements" PRIMARY KEY ("Id");


--
-- Name: UserLevelRewards PK_UserLevelRewards; Type: CONSTRAINT; Schema: public; Owner: yess_user
--

ALTER TABLE ONLY public."UserLevelRewards"
    ADD CONSTRAINT "PK_UserLevelRewards" PRIMARY KEY ("Id");


--
-- Name: UserLevels PK_UserLevels; Type: CONSTRAINT; Schema: public; Owner: yess_user
--

ALTER TABLE ONLY public."UserLevels"
    ADD CONSTRAINT "PK_UserLevels" PRIMARY KEY ("Id");


--
-- Name: UserPromoCodes PK_UserPromoCodes; Type: CONSTRAINT; Schema: public; Owner: yess_user
--

ALTER TABLE ONLY public."UserPromoCodes"
    ADD CONSTRAINT "PK_UserPromoCodes" PRIMARY KEY ("Id");


--
-- Name: UserRoles PK_UserRoles; Type: CONSTRAINT; Schema: public; Owner: yess_user
--

ALTER TABLE ONLY public."UserRoles"
    ADD CONSTRAINT "PK_UserRoles" PRIMARY KEY ("Id");


--
-- Name: __EFMigrationsHistory PK___EFMigrationsHistory; Type: CONSTRAINT; Schema: public; Owner: yess_user
--

ALTER TABLE ONLY public."__EFMigrationsHistory"
    ADD CONSTRAINT "PK___EFMigrationsHistory" PRIMARY KEY ("MigrationId");


--
-- Name: orders PK_orders; Type: CONSTRAINT; Schema: public; Owner: yess_user
--

ALTER TABLE ONLY public.orders
    ADD CONSTRAINT "PK_orders" PRIMARY KEY ("Id");


--
-- Name: partner_products PK_partner_products; Type: CONSTRAINT; Schema: public; Owner: yess_user
--

ALTER TABLE ONLY public.partner_products
    ADD CONSTRAINT "PK_partner_products" PRIMARY KEY ("Id");


--
-- Name: partners PK_partners; Type: CONSTRAINT; Schema: public; Owner: yess_user
--

ALTER TABLE ONLY public.partners
    ADD CONSTRAINT "PK_partners" PRIMARY KEY ("Id");


--
-- Name: transactions PK_transactions; Type: CONSTRAINT; Schema: public; Owner: yess_user
--

ALTER TABLE ONLY public.transactions
    ADD CONSTRAINT "PK_transactions" PRIMARY KEY ("Id");


--
-- Name: users PK_users; Type: CONSTRAINT; Schema: public; Owner: yess_user
--

ALTER TABLE ONLY public.users
    ADD CONSTRAINT "PK_users" PRIMARY KEY ("Id");


--
-- Name: wallets PK_wallets; Type: CONSTRAINT; Schema: public; Owner: yess_user
--

ALTER TABLE ONLY public.wallets
    ADD CONSTRAINT "PK_wallets" PRIMARY KEY ("Id");


--
-- Name: auth_group auth_group_name_key; Type: CONSTRAINT; Schema: public; Owner: yess_user
--

ALTER TABLE ONLY public.auth_group
    ADD CONSTRAINT auth_group_name_key UNIQUE (name);


--
-- Name: auth_group_permissions auth_group_permissions_group_id_permission_id_0cd325b0_uniq; Type: CONSTRAINT; Schema: public; Owner: yess_user
--

ALTER TABLE ONLY public.auth_group_permissions
    ADD CONSTRAINT auth_group_permissions_group_id_permission_id_0cd325b0_uniq UNIQUE (group_id, permission_id);


--
-- Name: auth_group_permissions auth_group_permissions_pkey; Type: CONSTRAINT; Schema: public; Owner: yess_user
--

ALTER TABLE ONLY public.auth_group_permissions
    ADD CONSTRAINT auth_group_permissions_pkey PRIMARY KEY (id);


--
-- Name: auth_group auth_group_pkey; Type: CONSTRAINT; Schema: public; Owner: yess_user
--

ALTER TABLE ONLY public.auth_group
    ADD CONSTRAINT auth_group_pkey PRIMARY KEY (id);


--
-- Name: auth_permission auth_permission_content_type_id_codename_01ab375a_uniq; Type: CONSTRAINT; Schema: public; Owner: yess_user
--

ALTER TABLE ONLY public.auth_permission
    ADD CONSTRAINT auth_permission_content_type_id_codename_01ab375a_uniq UNIQUE (content_type_id, codename);


--
-- Name: auth_permission auth_permission_pkey; Type: CONSTRAINT; Schema: public; Owner: yess_user
--

ALTER TABLE ONLY public.auth_permission
    ADD CONSTRAINT auth_permission_pkey PRIMARY KEY (id);


--
-- Name: auth_user_groups auth_user_groups_pkey; Type: CONSTRAINT; Schema: public; Owner: yess_user
--

ALTER TABLE ONLY public.auth_user_groups
    ADD CONSTRAINT auth_user_groups_pkey PRIMARY KEY (id);


--
-- Name: auth_user_groups auth_user_groups_user_id_group_id_94350c0c_uniq; Type: CONSTRAINT; Schema: public; Owner: yess_user
--

ALTER TABLE ONLY public.auth_user_groups
    ADD CONSTRAINT auth_user_groups_user_id_group_id_94350c0c_uniq UNIQUE (user_id, group_id);


--
-- Name: auth_user auth_user_pkey; Type: CONSTRAINT; Schema: public; Owner: yess_user
--

ALTER TABLE ONLY public.auth_user
    ADD CONSTRAINT auth_user_pkey PRIMARY KEY (id);


--
-- Name: auth_user_user_permissions auth_user_user_permissions_pkey; Type: CONSTRAINT; Schema: public; Owner: yess_user
--

ALTER TABLE ONLY public.auth_user_user_permissions
    ADD CONSTRAINT auth_user_user_permissions_pkey PRIMARY KEY (id);


--
-- Name: auth_user_user_permissions auth_user_user_permissions_user_id_permission_id_14a6b632_uniq; Type: CONSTRAINT; Schema: public; Owner: yess_user
--

ALTER TABLE ONLY public.auth_user_user_permissions
    ADD CONSTRAINT auth_user_user_permissions_user_id_permission_id_14a6b632_uniq UNIQUE (user_id, permission_id);


--
-- Name: auth_user auth_user_username_key; Type: CONSTRAINT; Schema: public; Owner: yess_user
--

ALTER TABLE ONLY public.auth_user
    ADD CONSTRAINT auth_user_username_key UNIQUE (username);


--
-- Name: django_admin_log django_admin_log_pkey; Type: CONSTRAINT; Schema: public; Owner: yess_user
--

ALTER TABLE ONLY public.django_admin_log
    ADD CONSTRAINT django_admin_log_pkey PRIMARY KEY (id);


--
-- Name: django_content_type django_content_type_app_label_model_76bd3d3b_uniq; Type: CONSTRAINT; Schema: public; Owner: yess_user
--

ALTER TABLE ONLY public.django_content_type
    ADD CONSTRAINT django_content_type_app_label_model_76bd3d3b_uniq UNIQUE (app_label, model);


--
-- Name: django_content_type django_content_type_pkey; Type: CONSTRAINT; Schema: public; Owner: yess_user
--

ALTER TABLE ONLY public.django_content_type
    ADD CONSTRAINT django_content_type_pkey PRIMARY KEY (id);


--
-- Name: django_migrations django_migrations_pkey; Type: CONSTRAINT; Schema: public; Owner: yess_user
--

ALTER TABLE ONLY public.django_migrations
    ADD CONSTRAINT django_migrations_pkey PRIMARY KEY (id);


--
-- Name: django_session django_session_pkey; Type: CONSTRAINT; Schema: public; Owner: yess_user
--

ALTER TABLE ONLY public.django_session
    ADD CONSTRAINT django_session_pkey PRIMARY KEY (session_key);


--
-- Name: payments_payment payments_payment_payment_id_key; Type: CONSTRAINT; Schema: public; Owner: yess_user
--

ALTER TABLE ONLY public.payments_payment
    ADD CONSTRAINT payments_payment_payment_id_key UNIQUE (payment_id);


--
-- Name: payments_payment payments_payment_pkey; Type: CONSTRAINT; Schema: public; Owner: yess_user
--

ALTER TABLE ONLY public.payments_payment
    ADD CONSTRAINT payments_payment_pkey PRIMARY KEY (id);


--
-- Name: IX_AdminUsers_Email; Type: INDEX; Schema: public; Owner: yess_user
--

CREATE UNIQUE INDEX "IX_AdminUsers_Email" ON public."AdminUsers" USING btree ("Email");


--
-- Name: IX_AdminUsers_Username; Type: INDEX; Schema: public; Owner: yess_user
--

CREATE UNIQUE INDEX "IX_AdminUsers_Username" ON public."AdminUsers" USING btree ("Username");


--
-- Name: IX_Notifications_UserId; Type: INDEX; Schema: public; Owner: yess_user
--

CREATE INDEX "IX_Notifications_UserId" ON public."Notifications" USING btree ("UserId");


--
-- Name: IX_OrderItems_OrderId; Type: INDEX; Schema: public; Owner: yess_user
--

CREATE INDEX "IX_OrderItems_OrderId" ON public."OrderItems" USING btree ("OrderId");


--
-- Name: IX_OrderItems_ProductId; Type: INDEX; Schema: public; Owner: yess_user
--

CREATE INDEX "IX_OrderItems_ProductId" ON public."OrderItems" USING btree ("ProductId");


--
-- Name: IX_PartnerEmployees_PartnerId; Type: INDEX; Schema: public; Owner: yess_user
--

CREATE INDEX "IX_PartnerEmployees_PartnerId" ON public."PartnerEmployees" USING btree ("PartnerId");


--
-- Name: IX_PartnerEmployees_UserId; Type: INDEX; Schema: public; Owner: yess_user
--

CREATE INDEX "IX_PartnerEmployees_UserId" ON public."PartnerEmployees" USING btree ("UserId");


--
-- Name: IX_PartnerLocations_PartnerId; Type: INDEX; Schema: public; Owner: yess_user
--

CREATE INDEX "IX_PartnerLocations_PartnerId" ON public."PartnerLocations" USING btree ("PartnerId");


--
-- Name: IX_Refunds_TransactionId; Type: INDEX; Schema: public; Owner: yess_user
--

CREATE INDEX "IX_Refunds_TransactionId" ON public."Refunds" USING btree ("TransactionId");


--
-- Name: IX_UserRoles_RoleId; Type: INDEX; Schema: public; Owner: yess_user
--

CREATE INDEX "IX_UserRoles_RoleId" ON public."UserRoles" USING btree ("RoleId");


--
-- Name: IX_UserRoles_UserId; Type: INDEX; Schema: public; Owner: yess_user
--

CREATE INDEX "IX_UserRoles_UserId" ON public."UserRoles" USING btree ("UserId");


--
-- Name: IX_orders_CreatedAt; Type: INDEX; Schema: public; Owner: yess_user
--

CREATE INDEX "IX_orders_CreatedAt" ON public.orders USING btree ("CreatedAt");


--
-- Name: IX_orders_IdempotencyKey; Type: INDEX; Schema: public; Owner: yess_user
--

CREATE UNIQUE INDEX "IX_orders_IdempotencyKey" ON public.orders USING btree ("IdempotencyKey");


--
-- Name: IX_orders_PartnerId; Type: INDEX; Schema: public; Owner: yess_user
--

CREATE INDEX "IX_orders_PartnerId" ON public.orders USING btree ("PartnerId");


--
-- Name: IX_orders_Status; Type: INDEX; Schema: public; Owner: yess_user
--

CREATE INDEX "IX_orders_Status" ON public.orders USING btree ("Status");


--
-- Name: IX_orders_TransactionId; Type: INDEX; Schema: public; Owner: yess_user
--

CREATE UNIQUE INDEX "IX_orders_TransactionId" ON public.orders USING btree ("TransactionId");


--
-- Name: IX_orders_UserId; Type: INDEX; Schema: public; Owner: yess_user
--

CREATE INDEX "IX_orders_UserId" ON public.orders USING btree ("UserId");


--
-- Name: IX_partner_products_IsAvailable; Type: INDEX; Schema: public; Owner: yess_user
--

CREATE INDEX "IX_partner_products_IsAvailable" ON public.partner_products USING btree ("IsAvailable");


--
-- Name: IX_partner_products_PartnerId; Type: INDEX; Schema: public; Owner: yess_user
--

CREATE INDEX "IX_partner_products_PartnerId" ON public.partner_products USING btree ("PartnerId");


--
-- Name: IX_partners_Category; Type: INDEX; Schema: public; Owner: yess_user
--

CREATE INDEX "IX_partners_Category" ON public.partners USING btree ("Category");


--
-- Name: IX_partners_IsActive; Type: INDEX; Schema: public; Owner: yess_user
--

CREATE INDEX "IX_partners_IsActive" ON public.partners USING btree ("IsActive");


--
-- Name: IX_transactions_CreatedAt; Type: INDEX; Schema: public; Owner: yess_user
--

CREATE INDEX "IX_transactions_CreatedAt" ON public.transactions USING btree ("CreatedAt");


--
-- Name: IX_transactions_PartnerId; Type: INDEX; Schema: public; Owner: yess_user
--

CREATE INDEX "IX_transactions_PartnerId" ON public.transactions USING btree ("PartnerId");


--
-- Name: IX_transactions_Status; Type: INDEX; Schema: public; Owner: yess_user
--

CREATE INDEX "IX_transactions_Status" ON public.transactions USING btree ("Status");


--
-- Name: IX_transactions_Type; Type: INDEX; Schema: public; Owner: yess_user
--

CREATE INDEX "IX_transactions_Type" ON public.transactions USING btree ("Type");


--
-- Name: IX_transactions_UserId; Type: INDEX; Schema: public; Owner: yess_user
--

CREATE INDEX "IX_transactions_UserId" ON public.transactions USING btree ("UserId");


--
-- Name: IX_users_Email; Type: INDEX; Schema: public; Owner: yess_user
--

CREATE UNIQUE INDEX "IX_users_Email" ON public.users USING btree ("Email");


--
-- Name: IX_users_Phone; Type: INDEX; Schema: public; Owner: yess_user
--

CREATE UNIQUE INDEX "IX_users_Phone" ON public.users USING btree ("Phone");


--
-- Name: IX_users_ReferralCode; Type: INDEX; Schema: public; Owner: yess_user
--

CREATE UNIQUE INDEX "IX_users_ReferralCode" ON public.users USING btree ("ReferralCode");


--
-- Name: IX_wallets_UserId; Type: INDEX; Schema: public; Owner: yess_user
--

CREATE UNIQUE INDEX "IX_wallets_UserId" ON public.wallets USING btree ("UserId");


--
-- Name: auth_group_name_a6ea08ec_like; Type: INDEX; Schema: public; Owner: yess_user
--

CREATE INDEX auth_group_name_a6ea08ec_like ON public.auth_group USING btree (name varchar_pattern_ops);


--
-- Name: auth_group_permissions_group_id_b120cbf9; Type: INDEX; Schema: public; Owner: yess_user
--

CREATE INDEX auth_group_permissions_group_id_b120cbf9 ON public.auth_group_permissions USING btree (group_id);


--
-- Name: auth_group_permissions_permission_id_84c5c92e; Type: INDEX; Schema: public; Owner: yess_user
--

CREATE INDEX auth_group_permissions_permission_id_84c5c92e ON public.auth_group_permissions USING btree (permission_id);


--
-- Name: auth_permission_content_type_id_2f476e4b; Type: INDEX; Schema: public; Owner: yess_user
--

CREATE INDEX auth_permission_content_type_id_2f476e4b ON public.auth_permission USING btree (content_type_id);


--
-- Name: auth_user_groups_group_id_97559544; Type: INDEX; Schema: public; Owner: yess_user
--

CREATE INDEX auth_user_groups_group_id_97559544 ON public.auth_user_groups USING btree (group_id);


--
-- Name: auth_user_groups_user_id_6a12ed8b; Type: INDEX; Schema: public; Owner: yess_user
--

CREATE INDEX auth_user_groups_user_id_6a12ed8b ON public.auth_user_groups USING btree (user_id);


--
-- Name: auth_user_user_permissions_permission_id_1fbb5f2c; Type: INDEX; Schema: public; Owner: yess_user
--

CREATE INDEX auth_user_user_permissions_permission_id_1fbb5f2c ON public.auth_user_user_permissions USING btree (permission_id);


--
-- Name: auth_user_user_permissions_user_id_a95ead1b; Type: INDEX; Schema: public; Owner: yess_user
--

CREATE INDEX auth_user_user_permissions_user_id_a95ead1b ON public.auth_user_user_permissions USING btree (user_id);


--
-- Name: auth_user_username_6821ab7c_like; Type: INDEX; Schema: public; Owner: yess_user
--

CREATE INDEX auth_user_username_6821ab7c_like ON public.auth_user USING btree (username varchar_pattern_ops);


--
-- Name: django_admin_log_content_type_id_c4bce8eb; Type: INDEX; Schema: public; Owner: yess_user
--

CREATE INDEX django_admin_log_content_type_id_c4bce8eb ON public.django_admin_log USING btree (content_type_id);


--
-- Name: django_admin_log_user_id_c564eba6; Type: INDEX; Schema: public; Owner: yess_user
--

CREATE INDEX django_admin_log_user_id_c564eba6 ON public.django_admin_log USING btree (user_id);


--
-- Name: django_session_expire_date_a5c62663; Type: INDEX; Schema: public; Owner: yess_user
--

CREATE INDEX django_session_expire_date_a5c62663 ON public.django_session USING btree (expire_date);


--
-- Name: django_session_session_key_c0390e0f_like; Type: INDEX; Schema: public; Owner: yess_user
--

CREATE INDEX django_session_session_key_c0390e0f_like ON public.django_session USING btree (session_key varchar_pattern_ops);


--
-- Name: idx_admin_user_role; Type: INDEX; Schema: public; Owner: yess_user
--

CREATE INDEX idx_admin_user_role ON public."AdminUsers" USING btree ("Role");


--
-- Name: idx_partner_cashback; Type: INDEX; Schema: public; Owner: yess_user
--

CREATE INDEX idx_partner_cashback ON public.partners USING btree ("CashbackRate", "IsActive");


--
-- Name: idx_partner_location; Type: INDEX; Schema: public; Owner: yess_user
--

CREATE INDEX idx_partner_location ON public.partners USING btree ("CityId", "Latitude", "Longitude");


--
-- Name: idx_partner_product_available; Type: INDEX; Schema: public; Owner: yess_user
--

CREATE INDEX idx_partner_product_available ON public.partner_products USING btree ("PartnerId", "IsAvailable");


--
-- Name: idx_partner_status; Type: INDEX; Schema: public; Owner: yess_user
--

CREATE INDEX idx_partner_status ON public.partners USING btree ("IsActive", "IsVerified", "Category");


--
-- Name: idx_transaction_date_range; Type: INDEX; Schema: public; Owner: yess_user
--

CREATE INDEX idx_transaction_date_range ON public.transactions USING btree ("CreatedAt", "Status");


--
-- Name: idx_transaction_partner; Type: INDEX; Schema: public; Owner: yess_user
--

CREATE INDEX idx_transaction_partner ON public.transactions USING btree ("PartnerId", "CreatedAt");


--
-- Name: idx_transaction_type_status; Type: INDEX; Schema: public; Owner: yess_user
--

CREATE INDEX idx_transaction_type_status ON public.transactions USING btree ("Type", "Status", "CreatedAt");


--
-- Name: idx_transaction_user_status; Type: INDEX; Schema: public; Owner: yess_user
--

CREATE INDEX idx_transaction_user_status ON public.transactions USING btree ("UserId", "Status", "CreatedAt");


--
-- Name: idx_user_activity; Type: INDEX; Schema: public; Owner: yess_user
--

CREATE INDEX idx_user_activity ON public.users USING btree ("IsActive", "LastLoginAt");


--
-- Name: idx_user_location; Type: INDEX; Schema: public; Owner: yess_user
--

CREATE INDEX idx_user_location ON public.users USING btree ("CityId", "Latitude", "Longitude");


--
-- Name: idx_user_referral; Type: INDEX; Schema: public; Owner: yess_user
--

CREATE INDEX idx_user_referral ON public.users USING btree ("ReferralCode", "ReferredBy");


--
-- Name: idx_user_verification; Type: INDEX; Schema: public; Owner: yess_user
--

CREATE INDEX idx_user_verification ON public.users USING btree ("PhoneVerified", "EmailVerified");


--
-- Name: idx_wallet_user_updated; Type: INDEX; Schema: public; Owner: yess_user
--

CREATE INDEX idx_wallet_user_updated ON public.wallets USING btree ("UserId", "LastUpdated");


--
-- Name: Notifications FK_Notifications_users_UserId; Type: FK CONSTRAINT; Schema: public; Owner: yess_user
--

ALTER TABLE ONLY public."Notifications"
    ADD CONSTRAINT "FK_Notifications_users_UserId" FOREIGN KEY ("UserId") REFERENCES public.users("Id") ON DELETE CASCADE;


--
-- Name: OrderItems FK_OrderItems_orders_OrderId; Type: FK CONSTRAINT; Schema: public; Owner: yess_user
--

ALTER TABLE ONLY public."OrderItems"
    ADD CONSTRAINT "FK_OrderItems_orders_OrderId" FOREIGN KEY ("OrderId") REFERENCES public.orders("Id") ON DELETE CASCADE;


--
-- Name: OrderItems FK_OrderItems_partner_products_ProductId; Type: FK CONSTRAINT; Schema: public; Owner: yess_user
--

ALTER TABLE ONLY public."OrderItems"
    ADD CONSTRAINT "FK_OrderItems_partner_products_ProductId" FOREIGN KEY ("ProductId") REFERENCES public.partner_products("Id") ON DELETE CASCADE;


--
-- Name: PartnerEmployees FK_PartnerEmployees_partners_PartnerId; Type: FK CONSTRAINT; Schema: public; Owner: yess_user
--

ALTER TABLE ONLY public."PartnerEmployees"
    ADD CONSTRAINT "FK_PartnerEmployees_partners_PartnerId" FOREIGN KEY ("PartnerId") REFERENCES public.partners("Id") ON DELETE CASCADE;


--
-- Name: PartnerEmployees FK_PartnerEmployees_users_UserId; Type: FK CONSTRAINT; Schema: public; Owner: yess_user
--

ALTER TABLE ONLY public."PartnerEmployees"
    ADD CONSTRAINT "FK_PartnerEmployees_users_UserId" FOREIGN KEY ("UserId") REFERENCES public.users("Id") ON DELETE CASCADE;


--
-- Name: PartnerLocations FK_PartnerLocations_partners_PartnerId; Type: FK CONSTRAINT; Schema: public; Owner: yess_user
--

ALTER TABLE ONLY public."PartnerLocations"
    ADD CONSTRAINT "FK_PartnerLocations_partners_PartnerId" FOREIGN KEY ("PartnerId") REFERENCES public.partners("Id") ON DELETE CASCADE;


--
-- Name: Refunds FK_Refunds_transactions_TransactionId; Type: FK CONSTRAINT; Schema: public; Owner: yess_user
--

ALTER TABLE ONLY public."Refunds"
    ADD CONSTRAINT "FK_Refunds_transactions_TransactionId" FOREIGN KEY ("TransactionId") REFERENCES public.transactions("Id") ON DELETE CASCADE;


--
-- Name: UserRoles FK_UserRoles_Roles_RoleId; Type: FK CONSTRAINT; Schema: public; Owner: yess_user
--

ALTER TABLE ONLY public."UserRoles"
    ADD CONSTRAINT "FK_UserRoles_Roles_RoleId" FOREIGN KEY ("RoleId") REFERENCES public."Roles"("Id") ON DELETE CASCADE;


--
-- Name: UserRoles FK_UserRoles_users_UserId; Type: FK CONSTRAINT; Schema: public; Owner: yess_user
--

ALTER TABLE ONLY public."UserRoles"
    ADD CONSTRAINT "FK_UserRoles_users_UserId" FOREIGN KEY ("UserId") REFERENCES public.users("Id") ON DELETE CASCADE;


--
-- Name: orders FK_orders_partners_PartnerId; Type: FK CONSTRAINT; Schema: public; Owner: yess_user
--

ALTER TABLE ONLY public.orders
    ADD CONSTRAINT "FK_orders_partners_PartnerId" FOREIGN KEY ("PartnerId") REFERENCES public.partners("Id") ON DELETE RESTRICT;


--
-- Name: orders FK_orders_transactions_TransactionId; Type: FK CONSTRAINT; Schema: public; Owner: yess_user
--

ALTER TABLE ONLY public.orders
    ADD CONSTRAINT "FK_orders_transactions_TransactionId" FOREIGN KEY ("TransactionId") REFERENCES public.transactions("Id") ON DELETE SET NULL;


--
-- Name: orders FK_orders_users_UserId; Type: FK CONSTRAINT; Schema: public; Owner: yess_user
--

ALTER TABLE ONLY public.orders
    ADD CONSTRAINT "FK_orders_users_UserId" FOREIGN KEY ("UserId") REFERENCES public.users("Id") ON DELETE RESTRICT;


--
-- Name: partner_products FK_partner_products_partners_PartnerId; Type: FK CONSTRAINT; Schema: public; Owner: yess_user
--

ALTER TABLE ONLY public.partner_products
    ADD CONSTRAINT "FK_partner_products_partners_PartnerId" FOREIGN KEY ("PartnerId") REFERENCES public.partners("Id") ON DELETE CASCADE;


--
-- Name: partners FK_partners_Cities_CityId; Type: FK CONSTRAINT; Schema: public; Owner: yess_user
--

ALTER TABLE ONLY public.partners
    ADD CONSTRAINT "FK_partners_Cities_CityId" FOREIGN KEY ("CityId") REFERENCES public."Cities"("Id") ON DELETE SET NULL;


--
-- Name: transactions FK_transactions_partners_PartnerId; Type: FK CONSTRAINT; Schema: public; Owner: yess_user
--

ALTER TABLE ONLY public.transactions
    ADD CONSTRAINT "FK_transactions_partners_PartnerId" FOREIGN KEY ("PartnerId") REFERENCES public.partners("Id") ON DELETE SET NULL;


--
-- Name: transactions FK_transactions_users_UserId; Type: FK CONSTRAINT; Schema: public; Owner: yess_user
--

ALTER TABLE ONLY public.transactions
    ADD CONSTRAINT "FK_transactions_users_UserId" FOREIGN KEY ("UserId") REFERENCES public.users("Id") ON DELETE RESTRICT;


--
-- Name: users FK_users_Cities_CityId; Type: FK CONSTRAINT; Schema: public; Owner: yess_user
--

ALTER TABLE ONLY public.users
    ADD CONSTRAINT "FK_users_Cities_CityId" FOREIGN KEY ("CityId") REFERENCES public."Cities"("Id") ON DELETE SET NULL;


--
-- Name: wallets FK_wallets_users_UserId; Type: FK CONSTRAINT; Schema: public; Owner: yess_user
--

ALTER TABLE ONLY public.wallets
    ADD CONSTRAINT "FK_wallets_users_UserId" FOREIGN KEY ("UserId") REFERENCES public.users("Id") ON DELETE CASCADE;


--
-- Name: auth_group_permissions auth_group_permissio_permission_id_84c5c92e_fk_auth_perm; Type: FK CONSTRAINT; Schema: public; Owner: yess_user
--

ALTER TABLE ONLY public.auth_group_permissions
    ADD CONSTRAINT auth_group_permissio_permission_id_84c5c92e_fk_auth_perm FOREIGN KEY (permission_id) REFERENCES public.auth_permission(id) DEFERRABLE INITIALLY DEFERRED;


--
-- Name: auth_group_permissions auth_group_permissions_group_id_b120cbf9_fk_auth_group_id; Type: FK CONSTRAINT; Schema: public; Owner: yess_user
--

ALTER TABLE ONLY public.auth_group_permissions
    ADD CONSTRAINT auth_group_permissions_group_id_b120cbf9_fk_auth_group_id FOREIGN KEY (group_id) REFERENCES public.auth_group(id) DEFERRABLE INITIALLY DEFERRED;


--
-- Name: auth_permission auth_permission_content_type_id_2f476e4b_fk_django_co; Type: FK CONSTRAINT; Schema: public; Owner: yess_user
--

ALTER TABLE ONLY public.auth_permission
    ADD CONSTRAINT auth_permission_content_type_id_2f476e4b_fk_django_co FOREIGN KEY (content_type_id) REFERENCES public.django_content_type(id) DEFERRABLE INITIALLY DEFERRED;


--
-- Name: auth_user_groups auth_user_groups_group_id_97559544_fk_auth_group_id; Type: FK CONSTRAINT; Schema: public; Owner: yess_user
--

ALTER TABLE ONLY public.auth_user_groups
    ADD CONSTRAINT auth_user_groups_group_id_97559544_fk_auth_group_id FOREIGN KEY (group_id) REFERENCES public.auth_group(id) DEFERRABLE INITIALLY DEFERRED;


--
-- Name: auth_user_groups auth_user_groups_user_id_6a12ed8b_fk_auth_user_id; Type: FK CONSTRAINT; Schema: public; Owner: yess_user
--

ALTER TABLE ONLY public.auth_user_groups
    ADD CONSTRAINT auth_user_groups_user_id_6a12ed8b_fk_auth_user_id FOREIGN KEY (user_id) REFERENCES public.auth_user(id) DEFERRABLE INITIALLY DEFERRED;


--
-- Name: auth_user_user_permissions auth_user_user_permi_permission_id_1fbb5f2c_fk_auth_perm; Type: FK CONSTRAINT; Schema: public; Owner: yess_user
--

ALTER TABLE ONLY public.auth_user_user_permissions
    ADD CONSTRAINT auth_user_user_permi_permission_id_1fbb5f2c_fk_auth_perm FOREIGN KEY (permission_id) REFERENCES public.auth_permission(id) DEFERRABLE INITIALLY DEFERRED;


--
-- Name: auth_user_user_permissions auth_user_user_permissions_user_id_a95ead1b_fk_auth_user_id; Type: FK CONSTRAINT; Schema: public; Owner: yess_user
--

ALTER TABLE ONLY public.auth_user_user_permissions
    ADD CONSTRAINT auth_user_user_permissions_user_id_a95ead1b_fk_auth_user_id FOREIGN KEY (user_id) REFERENCES public.auth_user(id) DEFERRABLE INITIALLY DEFERRED;


--
-- Name: django_admin_log django_admin_log_content_type_id_c4bce8eb_fk_django_co; Type: FK CONSTRAINT; Schema: public; Owner: yess_user
--

ALTER TABLE ONLY public.django_admin_log
    ADD CONSTRAINT django_admin_log_content_type_id_c4bce8eb_fk_django_co FOREIGN KEY (content_type_id) REFERENCES public.django_content_type(id) DEFERRABLE INITIALLY DEFERRED;


--
-- Name: django_admin_log django_admin_log_user_id_c564eba6_fk_auth_user_id; Type: FK CONSTRAINT; Schema: public; Owner: yess_user
--

ALTER TABLE ONLY public.django_admin_log
    ADD CONSTRAINT django_admin_log_user_id_c564eba6_fk_auth_user_id FOREIGN KEY (user_id) REFERENCES public.auth_user(id) DEFERRABLE INITIALLY DEFERRED;


--
-- PostgreSQL database dump complete
--

\unrestrict qFZbYwgI8bQFMybw9PSwreN9oHYkRm4R9oPKqOoXe7rhRLW0gBAtuTMX0NaVulk

